<?xml version="1.0" encoding="utf-8"?><asx:abap version="1.0" xmlns:asx="http://www.sap.com/abapxml"><asx:values><PROJECT><APPLICATION><APPLID>ZUI_NAD_MDM_ADDRESS</APPLID><VERSION>0001</VERSION><APP_TYPE>A</APP_TYPE><CLSNAME>ZCL_NAD_MDM_ADDRESS</CLSNAME><TITLE>Adress Viewer Dialog</TITLE><CREDAT>2016-03-01</CREDAT><CRETIM>16:04:48</CRETIM><CRENAM>OAH</CRENAM><UPDDAT>2023-03-30</UPDDAT><UPDTIM>16:07:17</UPDTIM><UPDNAM>HELGON</UPDNAM><DESCR>Adress Viewer Dialog</DESCR><DESCR_MC>ADRESS VIEWER DIALOG</DESCR_MC><THEME_JQUERY/><TAG_BODY/><USE_MANIFEST/><USE_CSS_DESKTOP>X</USE_CSS_DESKTOP><USE_CSS_TABLET/><USE_CSS_PHONE/><AUTH_OBJECT/><SH_FILTER/><SH_INSET/><SH_DIVIDER_THEME/><SH_LIST_THEME/><STATEFUL/><CONTENT_TYPE/><LIBRARY>5</LIBRARY><ADDON_MOBI/><ADDON_RGRAPH/><AS_FILE/><ADDON_FONTAW/><UI5_M>X</UI5_M><UI5_ME/><UI5_COMMONS/><UI5_UX3/><UI5_VIZ/><UI5_TABLE/><UI5_SUITE/><UI5_LANGUAGE/><INLINE_CSS/><DISABLED/><UI5_SUITE_UI/><ICFNODE/><UI5_UXAP>X</UI5_UXAP><RFCDEST/><RFCDEST_EXIT_CLS/><UI5_MULTIMODEL/><UI5_TNT/><DEVCLASS/><APPLID_BASE/><SAPUI5_VERSION/><UI5_COMP/><UI5_F/><NO_APP_DESTROY/><USE_DEPRECATED/><TR_ORDER>NAIK995928</TR_ORDER><BASE_HEADER/><BASE_CSS/><BASE_SCRIPT/><DISABLE_SAME_ORI/><UI5_INTEGRATION/><DEDICATED_CDN/><DISABLE_CACHE/><DISABLE_CACHE_FR/><ONLY_LAUNCHPAD/><COMPRESS_PAYLOAD/></APPLICATION><VERSION><APPLID>ZUI_NAD_MDM_ADDRESS</APPLID><VERSION>0001</VERSION><APP_TYPE>A</APP_TYPE><TITLE>Adress Viewer Dialog</TITLE><CREDAT>2016-03-01</CREDAT><CRETIM>16:04:48</CRETIM><CRENAM>OAH</CRENAM><UPDDAT>2023-03-30</UPDDAT><UPDTIM>16:07:17</UPDTIM><UPDNAM>HELGON</UPDNAM><DESCR>Adress Viewer Dialog</DESCR><DESCR_MC>ADRESS VIEWER DIALOG</DESCR_MC><STATUS>Active</STATUS></VERSION><IT_CONTENT><_-NEPTUNE_-_OBJ><APPLID>ZUI_NAD_MDM_ADDRESS</APPLID><FIELD_ID>00001</FIELD_ID><VERSION>0001</VERSION><FIELD_NAME>HTML5 Document</FIELD_NAME><FIELD_TYPE>HTML5 DOC</FIELD_TYPE><FIELD_LABEL/><FIELD_POS>00001</FIELD_POS><FIELD_PARENT>00000</FIELD_PARENT><DISABLED/><IS_CONTAINER>X</IS_CONTAINER><ON_ENTER/><COMBO_TABLE/><COMBO_FIELD/><COMBO_LABEL/><COMBO_TECH/><EVENT_ID/><DESCR/><SH/><SH_KEY/><MEMORYID/><SEL_MULTIPLE/><CHART_FIELD_X/><CHART_FIELD_Y/><CHART_FIELD_DATA/><CHART_COUNT/><DEFAULT_VALUE/><DEFAULT_DATE>0000-00-00</DEFAULT_DATE><CALCULATE_DATE>0</CALCULATE_DATE><DATE_TODAY/><NAV_APPLID/><IS_VIEW>X</IS_VIEW><FLAG1/><FLAG2/><CHART_FIELD_4/><CHART_FIELD_5/><FLAG3/><FLAG4/><FLAG5/><FLAG6/><FLAG7/><EXTEND_ID>00000</EXTEND_ID><EXTEND_TYPE/><ODATA_PATH/><APIID/><API_NAME/><OPERID/><OPER_NAME/><CUSTUI5_GUID/><AJAX_TYPE/></_-NEPTUNE_-_OBJ><_-NEPTUNE_-_OBJ><APPLID>ZUI_NAD_MDM_ADDRESS</APPLID><FIELD_ID>00002</FIELD_ID><VERSION>0001</VERSION><FIELD_NAME>oShell</FIELD_NAME><FIELD_TYPE>UM5_SHELL</FIELD_TYPE><FIELD_LABEL/><FIELD_POS>00002</FIELD_POS><FIELD_PARENT>00001</FIELD_PARENT><DISABLED/><IS_CONTAINER>X</IS_CONTAINER><ON_ENTER/><COMBO_TABLE/><COMBO_FIELD/><COMBO_LABEL/><COMBO_TECH/><EVENT_ID/><DESCR/><SH/><SH_KEY/><MEMORYID/><SEL_MULTIPLE/><CHART_FIELD_X/><CHART_FIELD_Y/><CHART_FIELD_DATA/><CHART_COUNT/><DEFAULT_VALUE/><DEFAULT_DATE>0000-00-00</DEFAULT_DATE><CALCULATE_DATE>0</CALCULATE_DATE><DATE_TODAY/><NAV_APPLID/><IS_VIEW/><FLAG1/><FLAG2/><CHART_FIELD_4/><CHART_FIELD_5/><FLAG3/><FLAG4/><FLAG5/><FLAG6/><FLAG7/><EXTEND_ID>00000</EXTEND_ID><EXTEND_TYPE/><ODATA_PATH/><APIID/><API_NAME/><OPERID/><OPER_NAME/><CUSTUI5_GUID/><AJAX_TYPE/></_-NEPTUNE_-_OBJ><_-NEPTUNE_-_OBJ><APPLID>ZUI_NAD_MDM_ADDRESS</APPLID><FIELD_ID>00003</FIELD_ID><VERSION>0001</VERSION><FIELD_NAME>oApp</FIELD_NAME><FIELD_TYPE>UM5_APP</FIELD_TYPE><FIELD_LABEL/><FIELD_POS>00003</FIELD_POS><FIELD_PARENT>00002</FIELD_PARENT><DISABLED/><IS_CONTAINER>X</IS_CONTAINER><ON_ENTER/><COMBO_TABLE/><COMBO_FIELD/><COMBO_LABEL/><COMBO_TECH/><EVENT_ID/><DESCR/><SH/><SH_KEY/><MEMORYID/><SEL_MULTIPLE/><CHART_FIELD_X/><CHART_FIELD_Y/><CHART_FIELD_DATA/><CHART_COUNT/><DEFAULT_VALUE/><DEFAULT_DATE>0000-00-00</DEFAULT_DATE><CALCULATE_DATE>0</CALCULATE_DATE><DATE_TODAY/><NAV_APPLID/><IS_VIEW/><FLAG1/><FLAG2/><CHART_FIELD_4/><CHART_FIELD_5/><FLAG3/><FLAG4/><FLAG5/><FLAG6/><FLAG7/><EXTEND_ID>00000</EXTEND_ID><EXTEND_TYPE/><ODATA_PATH/><APIID/><API_NAME/><OPERID/><OPER_NAME/><CUSTUI5_GUID/><AJAX_TYPE/></_-NEPTUNE_-_OBJ><_-NEPTUNE_-_OBJ><APPLID>ZUI_NAD_MDM_ADDRESS</APPLID><FIELD_ID>00004</FIELD_ID><VERSION>0001</VERSION><FIELD_NAME>oPageStart</FIELD_NAME><FIELD_TYPE>UM5_PAGE</FIELD_TYPE><FIELD_LABEL/><FIELD_POS>00004</FIELD_POS><FIELD_PARENT>00003</FIELD_PARENT><DISABLED/><IS_CONTAINER>X</IS_CONTAINER><ON_ENTER/><COMBO_TABLE/><COMBO_FIELD/><COMBO_LABEL/><COMBO_TECH/><EVENT_ID/><DESCR/><SH/><SH_KEY/><MEMORYID/><SEL_MULTIPLE/><CHART_FIELD_X/><CHART_FIELD_Y/><CHART_FIELD_DATA/><CHART_COUNT/><DEFAULT_VALUE/><DEFAULT_DATE>0000-00-00</DEFAULT_DATE><CALCULATE_DATE>0</CALCULATE_DATE><DATE_TODAY/><NAV_APPLID/><IS_VIEW/><FLAG1/><FLAG2/><CHART_FIELD_4/><CHART_FIELD_5/><FLAG3/><FLAG4/><FLAG5/><FLAG6/><FLAG7/><EXTEND_ID>00000</EXTEND_ID><EXTEND_TYPE/><ODATA_PATH/><APIID/><API_NAME/><OPERID/><OPER_NAME/><CUSTUI5_GUID/><AJAX_TYPE/></_-NEPTUNE_-_OBJ><_-NEPTUNE_-_OBJ><APPLID>ZUI_NAD_MDM_ADDRESS</APPLID><FIELD_ID>00052</FIELD_ID><VERSION>0001</VERSION><FIELD_NAME>oLayout</FIELD_NAME><FIELD_TYPE>UM5_OPLAYO</FIELD_TYPE><FIELD_LABEL/><FIELD_POS>00005</FIELD_POS><FIELD_PARENT>00004</FIELD_PARENT><DISABLED/><IS_CONTAINER>X</IS_CONTAINER><ON_ENTER/><COMBO_TABLE/><COMBO_FIELD/><COMBO_LABEL/><COMBO_TECH/><EVENT_ID/><DESCR/><SH/><SH_KEY/><MEMORYID/><SEL_MULTIPLE/><CHART_FIELD_X/><CHART_FIELD_Y/><CHART_FIELD_DATA/><CHART_COUNT/><DEFAULT_VALUE/><DEFAULT_DATE>0000-00-00</DEFAULT_DATE><CALCULATE_DATE>0</CALCULATE_DATE><DATE_TODAY/><NAV_APPLID/><IS_VIEW/><FLAG1/><FLAG2/><CHART_FIELD_4/><CHART_FIELD_5/><FLAG3/><FLAG4/><FLAG5/><FLAG6/><FLAG7/><EXTEND_ID>00000</EXTEND_ID><EXTEND_TYPE/><ODATA_PATH/><APIID/><API_NAME/><OPERID/><OPER_NAME/><CUSTUI5_GUID/><AJAX_TYPE/></_-NEPTUNE_-_OBJ><_-NEPTUNE_-_OBJ><APPLID>ZUI_NAD_MDM_ADDRESS</APPLID><FIELD_ID>00108</FIELD_ID><VERSION>0001</VERSION><FIELD_NAME>footer</FIELD_NAME><FIELD_TYPE>UM5_BAR</FIELD_TYPE><FIELD_LABEL/><FIELD_POS>00006</FIELD_POS><FIELD_PARENT>00004</FIELD_PARENT><DISABLED/><IS_CONTAINER>X</IS_CONTAINER><ON_ENTER/><COMBO_TABLE/><COMBO_FIELD/><COMBO_LABEL/><COMBO_TECH/><EVENT_ID/><DESCR/><SH/><SH_KEY/><MEMORYID/><SEL_MULTIPLE/><CHART_FIELD_X/><CHART_FIELD_Y/><CHART_FIELD_DATA/><CHART_COUNT/><DEFAULT_VALUE/><DEFAULT_DATE>0000-00-00</DEFAULT_DATE><CALCULATE_DATE>0</CALCULATE_DATE><DATE_TODAY/><NAV_APPLID/><IS_VIEW/><FLAG1/><FLAG2/><CHART_FIELD_4/><CHART_FIELD_5/><FLAG3/><FLAG4/><FLAG5/><FLAG6/><FLAG7/><EXTEND_ID>00000</EXTEND_ID><EXTEND_TYPE/><ODATA_PATH/><APIID/><API_NAME/><OPERID/><OPER_NAME/><CUSTUI5_GUID/><AJAX_TYPE/></_-NEPTUNE_-_OBJ><_-NEPTUNE_-_OBJ><APPLID>ZUI_NAD_MDM_ADDRESS</APPLID><FIELD_ID>00109</FIELD_ID><VERSION>0001</VERSION><FIELD_NAME>Right</FIELD_NAME><FIELD_TYPE>UM5_BARCON</FIELD_TYPE><FIELD_LABEL/><FIELD_POS>00007</FIELD_POS><FIELD_PARENT>00108</FIELD_PARENT><DISABLED/><IS_CONTAINER>X</IS_CONTAINER><ON_ENTER/><COMBO_TABLE/><COMBO_FIELD/><COMBO_LABEL/><COMBO_TECH/><EVENT_ID/><DESCR/><SH/><SH_KEY/><MEMORYID/><SEL_MULTIPLE/><CHART_FIELD_X/><CHART_FIELD_Y/><CHART_FIELD_DATA/><CHART_COUNT/><DEFAULT_VALUE/><DEFAULT_DATE>0000-00-00</DEFAULT_DATE><CALCULATE_DATE>0</CALCULATE_DATE><DATE_TODAY/><NAV_APPLID/><IS_VIEW/><FLAG1/><FLAG2/><CHART_FIELD_4/><CHART_FIELD_5/><FLAG3/><FLAG4/><FLAG5/><FLAG6/><FLAG7/><EXTEND_ID>00000</EXTEND_ID><EXTEND_TYPE/><ODATA_PATH/><APIID/><API_NAME/><OPERID/><OPER_NAME/><CUSTUI5_GUID/><AJAX_TYPE/></_-NEPTUNE_-_OBJ><_-NEPTUNE_-_OBJ><APPLID>ZUI_NAD_MDM_ADDRESS</APPLID><FIELD_ID>00111</FIELD_ID><VERSION>0001</VERSION><FIELD_NAME>butCancel</FIELD_NAME><FIELD_TYPE>UM5_BUTTON</FIELD_TYPE><FIELD_LABEL/><FIELD_POS>00008</FIELD_POS><FIELD_PARENT>00109</FIELD_PARENT><DISABLED/><IS_CONTAINER/><ON_ENTER/><COMBO_TABLE/><COMBO_FIELD/><COMBO_LABEL/><COMBO_TECH/><EVENT_ID/><DESCR/><SH/><SH_KEY/><MEMORYID/><SEL_MULTIPLE/><CHART_FIELD_X/><CHART_FIELD_Y/><CHART_FIELD_DATA/><CHART_COUNT/><DEFAULT_VALUE/><DEFAULT_DATE>0000-00-00</DEFAULT_DATE><CALCULATE_DATE>0</CALCULATE_DATE><DATE_TODAY/><NAV_APPLID/><IS_VIEW/><FLAG1/><FLAG2/><CHART_FIELD_4/><CHART_FIELD_5/><FLAG3/><FLAG4/><FLAG5/><FLAG6/><FLAG7/><EXTEND_ID>00000</EXTEND_ID><EXTEND_TYPE/><ODATA_PATH/><APIID/><API_NAME/><OPERID/><OPER_NAME/><CUSTUI5_GUID/><AJAX_TYPE/></_-NEPTUNE_-_OBJ><_-NEPTUNE_-_OBJ><APPLID>ZUI_NAD_MDM_ADDRESS</APPLID><FIELD_ID>00053</FIELD_ID><VERSION>0001</VERSION><FIELD_NAME>oHeader</FIELD_NAME><FIELD_TYPE>UM5_OPHEAD</FIELD_TYPE><FIELD_LABEL/><FIELD_POS>00009</FIELD_POS><FIELD_PARENT>00052</FIELD_PARENT><DISABLED/><IS_CONTAINER>X</IS_CONTAINER><ON_ENTER/><COMBO_TABLE/><COMBO_FIELD/><COMBO_LABEL/><COMBO_TECH/><EVENT_ID/><DESCR/><SH/><SH_KEY/><MEMORYID/><SEL_MULTIPLE/><CHART_FIELD_X/><CHART_FIELD_Y/><CHART_FIELD_DATA/><CHART_COUNT/><DEFAULT_VALUE/><DEFAULT_DATE>0000-00-00</DEFAULT_DATE><CALCULATE_DATE>0</CALCULATE_DATE><DATE_TODAY/><NAV_APPLID/><IS_VIEW/><FLAG1/><FLAG2/><CHART_FIELD_4/><CHART_FIELD_5/><FLAG3/><FLAG4/><FLAG5/><FLAG6/><FLAG7/><EXTEND_ID>00000</EXTEND_ID><EXTEND_TYPE/><ODATA_PATH/><APIID/><API_NAME/><OPERID/><OPER_NAME/><CUSTUI5_GUID/><AJAX_TYPE/></_-NEPTUNE_-_OBJ><_-NEPTUNE_-_OBJ><APPLID>ZUI_NAD_MDM_ADDRESS</APPLID><FIELD_ID>00112</FIELD_ID><VERSION>0001</VERSION><FIELD_NAME>Resources</FIELD_NAME><FIELD_TYPE>RESOURCES</FIELD_TYPE><FIELD_LABEL/><FIELD_POS>00009</FIELD_POS><FIELD_PARENT>00000</FIELD_PARENT><DISABLED/><IS_CONTAINER>X</IS_CONTAINER><ON_ENTER/><COMBO_TABLE/><COMBO_FIELD/><COMBO_LABEL/><COMBO_TECH/><EVENT_ID/><DESCR/><SH/><SH_KEY/><MEMORYID/><SEL_MULTIPLE/><CHART_FIELD_X/><CHART_FIELD_Y/><CHART_FIELD_DATA/><CHART_COUNT/><DEFAULT_VALUE/><DEFAULT_DATE>0000-00-00</DEFAULT_DATE><CALCULATE_DATE>0</CALCULATE_DATE><DATE_TODAY/><NAV_APPLID/><IS_VIEW>X</IS_VIEW><FLAG1/><FLAG2/><CHART_FIELD_4/><CHART_FIELD_5/><FLAG3/><FLAG4/><FLAG5/><FLAG6/><FLAG7/><EXTEND_ID>00000</EXTEND_ID><EXTEND_TYPE/><ODATA_PATH/><APIID/><API_NAME/><OPERID/><OPER_NAME/><CUSTUI5_GUID/><AJAX_TYPE/></_-NEPTUNE_-_OBJ><_-NEPTUNE_-_OBJ><APPLID>ZUI_NAD_MDM_ADDRESS</APPLID><FIELD_ID>00056</FIELD_ID><VERSION>0001</VERSION><FIELD_NAME>oHeaderContent</FIELD_NAME><FIELD_TYPE>UM5_OPCONT</FIELD_TYPE><FIELD_LABEL/><FIELD_POS>00010</FIELD_POS><FIELD_PARENT>00052</FIELD_PARENT><DISABLED/><IS_CONTAINER>X</IS_CONTAINER><ON_ENTER/><COMBO_TABLE/><COMBO_FIELD/><COMBO_LABEL/><COMBO_TECH/><EVENT_ID/><DESCR/><SH/><SH_KEY/><MEMORYID/><SEL_MULTIPLE/><CHART_FIELD_X/><CHART_FIELD_Y/><CHART_FIELD_DATA/><CHART_COUNT/><DEFAULT_VALUE/><DEFAULT_DATE>0000-00-00</DEFAULT_DATE><CALCULATE_DATE>0</CALCULATE_DATE><DATE_TODAY/><NAV_APPLID/><IS_VIEW/><FLAG1/><FLAG2/><CHART_FIELD_4/><CHART_FIELD_5/><FLAG3/><FLAG4/><FLAG5/><FLAG6/><FLAG7/><EXTEND_ID>00000</EXTEND_ID><EXTEND_TYPE/><ODATA_PATH/><APIID/><API_NAME/><OPERID/><OPER_NAME/><CUSTUI5_GUID/><AJAX_TYPE/></_-NEPTUNE_-_OBJ><_-NEPTUNE_-_OBJ><APPLID>ZUI_NAD_MDM_ADDRESS</APPLID><FIELD_ID>00054</FIELD_ID><VERSION>0001</VERSION><FIELD_NAME>oSection1</FIELD_NAME><FIELD_TYPE>UM5_OPSECT</FIELD_TYPE><FIELD_LABEL/><FIELD_POS>00011</FIELD_POS><FIELD_PARENT>00052</FIELD_PARENT><DISABLED/><IS_CONTAINER>X</IS_CONTAINER><ON_ENTER/><COMBO_TABLE/><COMBO_FIELD/><COMBO_LABEL/><COMBO_TECH/><EVENT_ID/><DESCR/><SH/><SH_KEY/><MEMORYID/><SEL_MULTIPLE/><CHART_FIELD_X/><CHART_FIELD_Y/><CHART_FIELD_DATA/><CHART_COUNT/><DEFAULT_VALUE/><DEFAULT_DATE>0000-00-00</DEFAULT_DATE><CALCULATE_DATE>0</CALCULATE_DATE><DATE_TODAY/><NAV_APPLID/><IS_VIEW/><FLAG1/><FLAG2/><CHART_FIELD_4/><CHART_FIELD_5/><FLAG3/><FLAG4/><FLAG5/><FLAG6/><FLAG7/><EXTEND_ID>00000</EXTEND_ID><EXTEND_TYPE/><ODATA_PATH/><APIID/><API_NAME/><OPERID/><OPER_NAME/><CUSTUI5_GUID/><AJAX_TYPE/></_-NEPTUNE_-_OBJ><_-NEPTUNE_-_OBJ><APPLID>ZUI_NAD_MDM_ADDRESS</APPLID><FIELD_ID>00081</FIELD_ID><VERSION>0001</VERSION><FIELD_NAME>oSection2</FIELD_NAME><FIELD_TYPE>UM5_OPSECT</FIELD_TYPE><FIELD_LABEL/><FIELD_POS>00012</FIELD_POS><FIELD_PARENT>00052</FIELD_PARENT><DISABLED/><IS_CONTAINER>X</IS_CONTAINER><ON_ENTER/><COMBO_TABLE/><COMBO_FIELD/><COMBO_LABEL/><COMBO_TECH/><EVENT_ID/><DESCR/><SH/><SH_KEY/><MEMORYID/><SEL_MULTIPLE/><CHART_FIELD_X/><CHART_FIELD_Y/><CHART_FIELD_DATA/><CHART_COUNT/><DEFAULT_VALUE/><DEFAULT_DATE>0000-00-00</DEFAULT_DATE><CALCULATE_DATE>0</CALCULATE_DATE><DATE_TODAY/><NAV_APPLID/><IS_VIEW/><FLAG1/><FLAG2/><CHART_FIELD_4/><CHART_FIELD_5/><FLAG3/><FLAG4/><FLAG5/><FLAG6/><FLAG7/><EXTEND_ID>00000</EXTEND_ID><EXTEND_TYPE/><ODATA_PATH/><APIID/><API_NAME/><OPERID/><OPER_NAME/><CUSTUI5_GUID/><AJAX_TYPE/></_-NEPTUNE_-_OBJ><_-NEPTUNE_-_OBJ><APPLID>ZUI_NAD_MDM_ADDRESS</APPLID><FIELD_ID>00082</FIELD_ID><VERSION>0001</VERSION><FIELD_NAME>oSection3</FIELD_NAME><FIELD_TYPE>UM5_OPSECT</FIELD_TYPE><FIELD_LABEL/><FIELD_POS>00013</FIELD_POS><FIELD_PARENT>00052</FIELD_PARENT><DISABLED/><IS_CONTAINER>X</IS_CONTAINER><ON_ENTER/><COMBO_TABLE/><COMBO_FIELD/><COMBO_LABEL/><COMBO_TECH/><EVENT_ID/><DESCR/><SH/><SH_KEY/><MEMORYID/><SEL_MULTIPLE/><CHART_FIELD_X/><CHART_FIELD_Y/><CHART_FIELD_DATA/><CHART_COUNT/><DEFAULT_VALUE/><DEFAULT_DATE>0000-00-00</DEFAULT_DATE><CALCULATE_DATE>0</CALCULATE_DATE><DATE_TODAY/><NAV_APPLID/><IS_VIEW/><FLAG1/><FLAG2/><CHART_FIELD_4/><CHART_FIELD_5/><FLAG3/><FLAG4/><FLAG5/><FLAG6/><FLAG7/><EXTEND_ID>00000</EXTEND_ID><EXTEND_TYPE/><ODATA_PATH/><APIID/><API_NAME/><OPERID/><OPER_NAME/><CUSTUI5_GUID/><AJAX_TYPE/></_-NEPTUNE_-_OBJ><_-NEPTUNE_-_OBJ><APPLID>ZUI_NAD_MDM_ADDRESS</APPLID><FIELD_ID>00097</FIELD_ID><VERSION>0001</VERSION><FIELD_NAME>oSection4</FIELD_NAME><FIELD_TYPE>UM5_OPSECT</FIELD_TYPE><FIELD_LABEL/><FIELD_POS>00014</FIELD_POS><FIELD_PARENT>00052</FIELD_PARENT><DISABLED/><IS_CONTAINER>X</IS_CONTAINER><ON_ENTER/><COMBO_TABLE/><COMBO_FIELD/><COMBO_LABEL/><COMBO_TECH/><EVENT_ID/><DESCR/><SH/><SH_KEY/><MEMORYID/><SEL_MULTIPLE/><CHART_FIELD_X/><CHART_FIELD_Y/><CHART_FIELD_DATA/><CHART_COUNT/><DEFAULT_VALUE/><DEFAULT_DATE>0000-00-00</DEFAULT_DATE><CALCULATE_DATE>0</CALCULATE_DATE><DATE_TODAY/><NAV_APPLID/><IS_VIEW/><FLAG1/><FLAG2/><CHART_FIELD_4/><CHART_FIELD_5/><FLAG3/><FLAG4/><FLAG5/><FLAG6/><FLAG7/><EXTEND_ID>00000</EXTEND_ID><EXTEND_TYPE/><ODATA_PATH/><APIID/><API_NAME/><OPERID/><OPER_NAME/><CUSTUI5_GUID/><AJAX_TYPE/></_-NEPTUNE_-_OBJ><_-NEPTUNE_-_OBJ><APPLID>ZUI_NAD_MDM_ADDRESS</APPLID><FIELD_ID>00098</FIELD_ID><VERSION>0001</VERSION><FIELD_NAME>oSection4Sub1</FIELD_NAME><FIELD_TYPE>UM5_OPSUBS</FIELD_TYPE><FIELD_LABEL/><FIELD_POS>00015</FIELD_POS><FIELD_PARENT>00097</FIELD_PARENT><DISABLED/><IS_CONTAINER>X</IS_CONTAINER><ON_ENTER/><COMBO_TABLE/><COMBO_FIELD/><COMBO_LABEL/><COMBO_TECH/><EVENT_ID/><DESCR/><SH/><SH_KEY/><MEMORYID/><SEL_MULTIPLE/><CHART_FIELD_X/><CHART_FIELD_Y/><CHART_FIELD_DATA/><CHART_COUNT/><DEFAULT_VALUE/><DEFAULT_DATE>0000-00-00</DEFAULT_DATE><CALCULATE_DATE>0</CALCULATE_DATE><DATE_TODAY/><NAV_APPLID/><IS_VIEW/><FLAG1/><FLAG2/><CHART_FIELD_4/><CHART_FIELD_5/><FLAG3/><FLAG4/><FLAG5/><FLAG6/><FLAG7/><EXTEND_ID>00000</EXTEND_ID><EXTEND_TYPE/><ODATA_PATH/><APIID/><API_NAME/><OPERID/><OPER_NAME/><CUSTUI5_GUID/><AJAX_TYPE/></_-NEPTUNE_-_OBJ><_-NEPTUNE_-_OBJ><APPLID>ZUI_NAD_MDM_ADDRESS</APPLID><FIELD_ID>00099</FIELD_ID><VERSION>0001</VERSION><FIELD_NAME>tabCom</FIELD_NAME><FIELD_TYPE>UM5_TABLE</FIELD_TYPE><FIELD_LABEL/><FIELD_POS>00016</FIELD_POS><FIELD_PARENT>00098</FIELD_PARENT><DISABLED/><IS_CONTAINER>X</IS_CONTAINER><ON_ENTER/><COMBO_TABLE/><COMBO_FIELD/><COMBO_LABEL/><COMBO_TECH/><EVENT_ID/><DESCR/><SH/><SH_KEY/><MEMORYID/><SEL_MULTIPLE/><CHART_FIELD_X/><CHART_FIELD_Y/><CHART_FIELD_DATA/><CHART_COUNT/><DEFAULT_VALUE/><DEFAULT_DATE>0000-00-00</DEFAULT_DATE><CALCULATE_DATE>0</CALCULATE_DATE><DATE_TODAY/><NAV_APPLID/><IS_VIEW/><FLAG1/><FLAG2/><CHART_FIELD_4/><CHART_FIELD_5/><FLAG3/><FLAG4/><FLAG5/><FLAG6/><FLAG7/><EXTEND_ID>00000</EXTEND_ID><EXTEND_TYPE/><ODATA_PATH/><APIID/><API_NAME/><OPERID/><OPER_NAME/><CUSTUI5_GUID/><AJAX_TYPE/></_-NEPTUNE_-_OBJ><_-NEPTUNE_-_OBJ><APPLID>ZUI_NAD_MDM_ADDRESS</APPLID><FIELD_ID>00100</FIELD_ID><VERSION>0001</VERSION><FIELD_NAME>coltabComICON</FIELD_NAME><FIELD_TYPE>UM5_COLUMN</FIELD_TYPE><FIELD_LABEL/><FIELD_POS>00017</FIELD_POS><FIELD_PARENT>00099</FIELD_PARENT><DISABLED/><IS_CONTAINER/><ON_ENTER/><COMBO_TABLE/><COMBO_FIELD/><COMBO_LABEL/><COMBO_TECH/><EVENT_ID/><DESCR/><SH/><SH_KEY/><MEMORYID/><SEL_MULTIPLE/><CHART_FIELD_X/><CHART_FIELD_Y/><CHART_FIELD_DATA/><CHART_COUNT/><DEFAULT_VALUE/><DEFAULT_DATE>0000-00-00</DEFAULT_DATE><CALCULATE_DATE>0</CALCULATE_DATE><DATE_TODAY/><NAV_APPLID/><IS_VIEW/><FLAG1/><FLAG2/><CHART_FIELD_4/><CHART_FIELD_5/><FLAG3/><FLAG4/><FLAG5/><FLAG6/><FLAG7/><EXTEND_ID>00000</EXTEND_ID><EXTEND_TYPE/><ODATA_PATH/><APIID/><API_NAME/><OPERID/><OPER_NAME/><CUSTUI5_GUID/><AJAX_TYPE/></_-NEPTUNE_-_OBJ><_-NEPTUNE_-_OBJ><APPLID>ZUI_NAD_MDM_ADDRESS</APPLID><FIELD_ID>00101</FIELD_ID><VERSION>0001</VERSION><FIELD_NAME>coltabComDESCRIPTION</FIELD_NAME><FIELD_TYPE>UM5_COLUMN</FIELD_TYPE><FIELD_LABEL/><FIELD_POS>00018</FIELD_POS><FIELD_PARENT>00099</FIELD_PARENT><DISABLED/><IS_CONTAINER/><ON_ENTER/><COMBO_TABLE/><COMBO_FIELD/><COMBO_LABEL/><COMBO_TECH/><EVENT_ID/><DESCR/><SH/><SH_KEY/><MEMORYID/><SEL_MULTIPLE/><CHART_FIELD_X/><CHART_FIELD_Y/><CHART_FIELD_DATA/><CHART_COUNT/><DEFAULT_VALUE/><DEFAULT_DATE>0000-00-00</DEFAULT_DATE><CALCULATE_DATE>0</CALCULATE_DATE><DATE_TODAY/><NAV_APPLID/><IS_VIEW/><FLAG1/><FLAG2/><CHART_FIELD_4/><CHART_FIELD_5/><FLAG3/><FLAG4/><FLAG5/><FLAG6/><FLAG7/><EXTEND_ID>00000</EXTEND_ID><EXTEND_TYPE/><ODATA_PATH/><APIID/><API_NAME/><OPERID/><OPER_NAME/><CUSTUI5_GUID/><AJAX_TYPE/></_-NEPTUNE_-_OBJ><_-NEPTUNE_-_OBJ><APPLID>ZUI_NAD_MDM_ADDRESS</APPLID><FIELD_ID>00102</FIELD_ID><VERSION>0001</VERSION><FIELD_NAME>coltabComVALUE</FIELD_NAME><FIELD_TYPE>UM5_COLUMN</FIELD_TYPE><FIELD_LABEL/><FIELD_POS>00019</FIELD_POS><FIELD_PARENT>00099</FIELD_PARENT><DISABLED/><IS_CONTAINER/><ON_ENTER/><COMBO_TABLE/><COMBO_FIELD/><COMBO_LABEL/><COMBO_TECH/><EVENT_ID/><DESCR/><SH/><SH_KEY/><MEMORYID/><SEL_MULTIPLE/><CHART_FIELD_X/><CHART_FIELD_Y/><CHART_FIELD_DATA/><CHART_COUNT/><DEFAULT_VALUE/><DEFAULT_DATE>0000-00-00</DEFAULT_DATE><CALCULATE_DATE>0</CALCULATE_DATE><DATE_TODAY/><NAV_APPLID/><IS_VIEW/><FLAG1/><FLAG2/><CHART_FIELD_4/><CHART_FIELD_5/><FLAG3/><FLAG4/><FLAG5/><FLAG6/><FLAG7/><EXTEND_ID>00000</EXTEND_ID><EXTEND_TYPE/><ODATA_PATH/><APIID/><API_NAME/><OPERID/><OPER_NAME/><CUSTUI5_GUID/><AJAX_TYPE/></_-NEPTUNE_-_OBJ><_-NEPTUNE_-_OBJ><APPLID>ZUI_NAD_MDM_ADDRESS</APPLID><FIELD_ID>00103</FIELD_ID><VERSION>0001</VERSION><FIELD_NAME>colItemtabCom</FIELD_NAME><FIELD_TYPE>UM5_COLITM</FIELD_TYPE><FIELD_LABEL/><FIELD_POS>00020</FIELD_POS><FIELD_PARENT>00099</FIELD_PARENT><DISABLED/><IS_CONTAINER>X</IS_CONTAINER><ON_ENTER/><COMBO_TABLE/><COMBO_FIELD/><COMBO_LABEL/><COMBO_TECH/><EVENT_ID/><DESCR/><SH/><SH_KEY/><MEMORYID/><SEL_MULTIPLE/><CHART_FIELD_X/><CHART_FIELD_Y/><CHART_FIELD_DATA/><CHART_COUNT/><DEFAULT_VALUE/><DEFAULT_DATE>0000-00-00</DEFAULT_DATE><CALCULATE_DATE>0</CALCULATE_DATE><DATE_TODAY/><NAV_APPLID/><IS_VIEW/><FLAG1/><FLAG2/><CHART_FIELD_4/><CHART_FIELD_5/><FLAG3/><FLAG4/><FLAG5/><FLAG6/><FLAG7/><EXTEND_ID>00000</EXTEND_ID><EXTEND_TYPE/><ODATA_PATH/><APIID/><API_NAME/><OPERID/><OPER_NAME/><CUSTUI5_GUID/><AJAX_TYPE/></_-NEPTUNE_-_OBJ><_-NEPTUNE_-_OBJ><APPLID>ZUI_NAD_MDM_ADDRESS</APPLID><FIELD_ID>00107</FIELD_ID><VERSION>0001</VERSION><FIELD_NAME>txttabComICON</FIELD_NAME><FIELD_TYPE>UM5_ICON</FIELD_TYPE><FIELD_LABEL/><FIELD_POS>00021</FIELD_POS><FIELD_PARENT>00103</FIELD_PARENT><DISABLED/><IS_CONTAINER/><ON_ENTER/><COMBO_TABLE/><COMBO_FIELD/><COMBO_LABEL/><COMBO_TECH/><EVENT_ID/><DESCR/><SH/><SH_KEY/><MEMORYID/><SEL_MULTIPLE/><CHART_FIELD_X/><CHART_FIELD_Y/><CHART_FIELD_DATA/><CHART_COUNT/><DEFAULT_VALUE/><DEFAULT_DATE>0000-00-00</DEFAULT_DATE><CALCULATE_DATE>0</CALCULATE_DATE><DATE_TODAY/><NAV_APPLID/><IS_VIEW/><FLAG1/><FLAG2/><CHART_FIELD_4/><CHART_FIELD_5/><FLAG3/><FLAG4/><FLAG5/><FLAG6/><FLAG7/><EXTEND_ID>00000</EXTEND_ID><EXTEND_TYPE/><ODATA_PATH/><APIID/><API_NAME/><OPERID/><OPER_NAME/><CUSTUI5_GUID/><AJAX_TYPE/></_-NEPTUNE_-_OBJ><_-NEPTUNE_-_OBJ><APPLID>ZUI_NAD_MDM_ADDRESS</APPLID><FIELD_ID>00105</FIELD_ID><VERSION>0001</VERSION><FIELD_NAME>txttabComDESCRIPTION</FIELD_NAME><FIELD_TYPE>UM5_TEXT</FIELD_TYPE><FIELD_LABEL/><FIELD_POS>00022</FIELD_POS><FIELD_PARENT>00103</FIELD_PARENT><DISABLED/><IS_CONTAINER/><ON_ENTER/><COMBO_TABLE/><COMBO_FIELD/><COMBO_LABEL/><COMBO_TECH/><EVENT_ID/><DESCR/><SH/><SH_KEY/><MEMORYID/><SEL_MULTIPLE/><CHART_FIELD_X/><CHART_FIELD_Y/><CHART_FIELD_DATA/><CHART_COUNT/><DEFAULT_VALUE/><DEFAULT_DATE>0000-00-00</DEFAULT_DATE><CALCULATE_DATE>0</CALCULATE_DATE><DATE_TODAY/><NAV_APPLID/><IS_VIEW/><FLAG1/><FLAG2/><CHART_FIELD_4/><CHART_FIELD_5/><FLAG3/><FLAG4/><FLAG5/><FLAG6/><FLAG7/><EXTEND_ID>00000</EXTEND_ID><EXTEND_TYPE/><ODATA_PATH/><APIID/><API_NAME/><OPERID/><OPER_NAME/><CUSTUI5_GUID/><AJAX_TYPE/></_-NEPTUNE_-_OBJ><_-NEPTUNE_-_OBJ><APPLID>ZUI_NAD_MDM_ADDRESS</APPLID><FIELD_ID>00106</FIELD_ID><VERSION>0001</VERSION><FIELD_NAME>txttabComVALUE</FIELD_NAME><FIELD_TYPE>UM5_TEXT</FIELD_TYPE><FIELD_LABEL/><FIELD_POS>00023</FIELD_POS><FIELD_PARENT>00103</FIELD_PARENT><DISABLED/><IS_CONTAINER/><ON_ENTER/><COMBO_TABLE/><COMBO_FIELD/><COMBO_LABEL/><COMBO_TECH/><EVENT_ID/><DESCR/><SH/><SH_KEY/><MEMORYID/><SEL_MULTIPLE/><CHART_FIELD_X/><CHART_FIELD_Y/><CHART_FIELD_DATA/><CHART_COUNT/><DEFAULT_VALUE/><DEFAULT_DATE>0000-00-00</DEFAULT_DATE><CALCULATE_DATE>0</CALCULATE_DATE><DATE_TODAY/><NAV_APPLID/><IS_VIEW/><FLAG1/><FLAG2/><CHART_FIELD_4/><CHART_FIELD_5/><FLAG3/><FLAG4/><FLAG5/><FLAG6/><FLAG7/><EXTEND_ID>00000</EXTEND_ID><EXTEND_TYPE/><ODATA_PATH/><APIID/><API_NAME/><OPERID/><OPER_NAME/><CUSTUI5_GUID/><AJAX_TYPE/></_-NEPTUNE_-_OBJ><_-NEPTUNE_-_OBJ><APPLID>ZUI_NAD_MDM_ADDRESS</APPLID><FIELD_ID>00083</FIELD_ID><VERSION>0001</VERSION><FIELD_NAME>oSection3Sub1</FIELD_NAME><FIELD_TYPE>UM5_OPSUBS</FIELD_TYPE><FIELD_LABEL/><FIELD_POS>00024</FIELD_POS><FIELD_PARENT>00082</FIELD_PARENT><DISABLED/><IS_CONTAINER>X</IS_CONTAINER><ON_ENTER/><COMBO_TABLE/><COMBO_FIELD/><COMBO_LABEL/><COMBO_TECH/><EVENT_ID/><DESCR/><SH/><SH_KEY/><MEMORYID/><SEL_MULTIPLE/><CHART_FIELD_X/><CHART_FIELD_Y/><CHART_FIELD_DATA/><CHART_COUNT/><DEFAULT_VALUE/><DEFAULT_DATE>0000-00-00</DEFAULT_DATE><CALCULATE_DATE>0</CALCULATE_DATE><DATE_TODAY/><NAV_APPLID/><IS_VIEW/><FLAG1/><FLAG2/><CHART_FIELD_4/><CHART_FIELD_5/><FLAG3/><FLAG4/><FLAG5/><FLAG6/><FLAG7/><EXTEND_ID>00000</EXTEND_ID><EXTEND_TYPE/><ODATA_PATH/><APIID/><API_NAME/><OPERID/><OPER_NAME/><CUSTUI5_GUID/><AJAX_TYPE/></_-NEPTUNE_-_OBJ><_-NEPTUNE_-_OBJ><APPLID>ZUI_NAD_MDM_ADDRESS</APPLID><FIELD_ID>00084</FIELD_ID><VERSION>0001</VERSION><FIELD_NAME>formPOBOX</FIELD_NAME><FIELD_TYPE>UM5_SFORM</FIELD_TYPE><FIELD_LABEL/><FIELD_POS>00025</FIELD_POS><FIELD_PARENT>00083</FIELD_PARENT><DISABLED/><IS_CONTAINER>X</IS_CONTAINER><ON_ENTER/><COMBO_TABLE/><COMBO_FIELD/><COMBO_LABEL/><COMBO_TECH/><EVENT_ID/><DESCR/><SH/><SH_KEY/><MEMORYID/><SEL_MULTIPLE/><CHART_FIELD_X/><CHART_FIELD_Y/><CHART_FIELD_DATA/><CHART_COUNT/><DEFAULT_VALUE/><DEFAULT_DATE>0000-00-00</DEFAULT_DATE><CALCULATE_DATE>0</CALCULATE_DATE><DATE_TODAY/><NAV_APPLID/><IS_VIEW/><FLAG1/><FLAG2/><CHART_FIELD_4/><CHART_FIELD_5/><FLAG3/><FLAG4/><FLAG5/><FLAG6/><FLAG7/><EXTEND_ID>00000</EXTEND_ID><EXTEND_TYPE/><ODATA_PATH/><APIID/><API_NAME/><OPERID/><OPER_NAME/><CUSTUI5_GUID/><AJAX_TYPE/></_-NEPTUNE_-_OBJ><_-NEPTUNE_-_OBJ><APPLID>ZUI_NAD_MDM_ADDRESS</APPLID><FIELD_ID>00091</FIELD_ID><VERSION>0001</VERSION><FIELD_NAME>lblformPOBOXPO_BOX</FIELD_NAME><FIELD_TYPE>UM5_LABEL</FIELD_TYPE><FIELD_LABEL/><FIELD_POS>00026</FIELD_POS><FIELD_PARENT>00084</FIELD_PARENT><DISABLED/><IS_CONTAINER/><ON_ENTER/><COMBO_TABLE/><COMBO_FIELD/><COMBO_LABEL/><COMBO_TECH/><EVENT_ID/><DESCR/><SH/><SH_KEY/><MEMORYID/><SEL_MULTIPLE/><CHART_FIELD_X/><CHART_FIELD_Y/><CHART_FIELD_DATA/><CHART_COUNT/><DEFAULT_VALUE/><DEFAULT_DATE>0000-00-00</DEFAULT_DATE><CALCULATE_DATE>0</CALCULATE_DATE><DATE_TODAY/><NAV_APPLID/><IS_VIEW/><FLAG1/><FLAG2/><CHART_FIELD_4/><CHART_FIELD_5/><FLAG3/><FLAG4/><FLAG5/><FLAG6/><FLAG7/><EXTEND_ID>00000</EXTEND_ID><EXTEND_TYPE/><ODATA_PATH/><APIID/><API_NAME/><OPERID/><OPER_NAME/><CUSTUI5_GUID/><AJAX_TYPE/></_-NEPTUNE_-_OBJ><_-NEPTUNE_-_OBJ><APPLID>ZUI_NAD_MDM_ADDRESS</APPLID><FIELD_ID>00092</FIELD_ID><VERSION>0001</VERSION><FIELD_NAME>informPOBOXPO_BOX</FIELD_NAME><FIELD_TYPE>UM5_INPUT</FIELD_TYPE><FIELD_LABEL/><FIELD_POS>00027</FIELD_POS><FIELD_PARENT>00084</FIELD_PARENT><DISABLED/><IS_CONTAINER/><ON_ENTER/><COMBO_TABLE/><COMBO_FIELD/><COMBO_LABEL/><COMBO_TECH/><EVENT_ID/><DESCR/><SH/><SH_KEY/><MEMORYID/><SEL_MULTIPLE/><CHART_FIELD_X/><CHART_FIELD_Y/><CHART_FIELD_DATA/><CHART_COUNT/><DEFAULT_VALUE/><DEFAULT_DATE>0000-00-00</DEFAULT_DATE><CALCULATE_DATE>0</CALCULATE_DATE><DATE_TODAY/><NAV_APPLID/><IS_VIEW/><FLAG1/><FLAG2/><CHART_FIELD_4/><CHART_FIELD_5/><FLAG3/><FLAG4/><FLAG5/><FLAG6/><FLAG7/><EXTEND_ID>00000</EXTEND_ID><EXTEND_TYPE/><ODATA_PATH/><APIID/><API_NAME/><OPERID/><OPER_NAME/><CUSTUI5_GUID/><AJAX_TYPE/></_-NEPTUNE_-_OBJ><_-NEPTUNE_-_OBJ><APPLID>ZUI_NAD_MDM_ADDRESS</APPLID><FIELD_ID>00085</FIELD_ID><VERSION>0001</VERSION><FIELD_NAME>lblformPOBOXPOST_CODE1</FIELD_NAME><FIELD_TYPE>UM5_LABEL</FIELD_TYPE><FIELD_LABEL/><FIELD_POS>00028</FIELD_POS><FIELD_PARENT>00084</FIELD_PARENT><DISABLED/><IS_CONTAINER/><ON_ENTER/><COMBO_TABLE/><COMBO_FIELD/><COMBO_LABEL/><COMBO_TECH/><EVENT_ID/><DESCR/><SH/><SH_KEY/><MEMORYID/><SEL_MULTIPLE/><CHART_FIELD_X/><CHART_FIELD_Y/><CHART_FIELD_DATA/><CHART_COUNT/><DEFAULT_VALUE/><DEFAULT_DATE>0000-00-00</DEFAULT_DATE><CALCULATE_DATE>0</CALCULATE_DATE><DATE_TODAY/><NAV_APPLID/><IS_VIEW/><FLAG1/><FLAG2/><CHART_FIELD_4/><CHART_FIELD_5/><FLAG3/><FLAG4/><FLAG5/><FLAG6/><FLAG7/><EXTEND_ID>00000</EXTEND_ID><EXTEND_TYPE/><ODATA_PATH/><APIID/><API_NAME/><OPERID/><OPER_NAME/><CUSTUI5_GUID/><AJAX_TYPE/></_-NEPTUNE_-_OBJ><_-NEPTUNE_-_OBJ><APPLID>ZUI_NAD_MDM_ADDRESS</APPLID><FIELD_ID>00086</FIELD_ID><VERSION>0001</VERSION><FIELD_NAME>informPOBOXPOST_CODE1</FIELD_NAME><FIELD_TYPE>UM5_INPUT</FIELD_TYPE><FIELD_LABEL/><FIELD_POS>00029</FIELD_POS><FIELD_PARENT>00084</FIELD_PARENT><DISABLED/><IS_CONTAINER/><ON_ENTER/><COMBO_TABLE/><COMBO_FIELD/><COMBO_LABEL/><COMBO_TECH/><EVENT_ID/><DESCR/><SH/><SH_KEY/><MEMORYID/><SEL_MULTIPLE/><CHART_FIELD_X/><CHART_FIELD_Y/><CHART_FIELD_DATA/><CHART_COUNT/><DEFAULT_VALUE/><DEFAULT_DATE>0000-00-00</DEFAULT_DATE><CALCULATE_DATE>0</CALCULATE_DATE><DATE_TODAY/><NAV_APPLID/><IS_VIEW/><FLAG1/><FLAG2/><CHART_FIELD_4/><CHART_FIELD_5/><FLAG3/><FLAG4/><FLAG5/><FLAG6/><FLAG7/><EXTEND_ID>00000</EXTEND_ID><EXTEND_TYPE/><ODATA_PATH/><APIID/><API_NAME/><OPERID/><OPER_NAME/><CUSTUI5_GUID/><AJAX_TYPE/></_-NEPTUNE_-_OBJ><_-NEPTUNE_-_OBJ><APPLID>ZUI_NAD_MDM_ADDRESS</APPLID><FIELD_ID>00087</FIELD_ID><VERSION>0001</VERSION><FIELD_NAME>lblformPOBOXPOST_CODE2</FIELD_NAME><FIELD_TYPE>UM5_LABEL</FIELD_TYPE><FIELD_LABEL/><FIELD_POS>00030</FIELD_POS><FIELD_PARENT>00084</FIELD_PARENT><DISABLED/><IS_CONTAINER/><ON_ENTER/><COMBO_TABLE/><COMBO_FIELD/><COMBO_LABEL/><COMBO_TECH/><EVENT_ID/><DESCR/><SH/><SH_KEY/><MEMORYID/><SEL_MULTIPLE/><CHART_FIELD_X/><CHART_FIELD_Y/><CHART_FIELD_DATA/><CHART_COUNT/><DEFAULT_VALUE/><DEFAULT_DATE>0000-00-00</DEFAULT_DATE><CALCULATE_DATE>0</CALCULATE_DATE><DATE_TODAY/><NAV_APPLID/><IS_VIEW/><FLAG1/><FLAG2/><CHART_FIELD_4/><CHART_FIELD_5/><FLAG3/><FLAG4/><FLAG5/><FLAG6/><FLAG7/><EXTEND_ID>00000</EXTEND_ID><EXTEND_TYPE/><ODATA_PATH/><APIID/><API_NAME/><OPERID/><OPER_NAME/><CUSTUI5_GUID/><AJAX_TYPE/></_-NEPTUNE_-_OBJ><_-NEPTUNE_-_OBJ><APPLID>ZUI_NAD_MDM_ADDRESS</APPLID><FIELD_ID>00088</FIELD_ID><VERSION>0001</VERSION><FIELD_NAME>informPOBOXPOST_CODE2</FIELD_NAME><FIELD_TYPE>UM5_INPUT</FIELD_TYPE><FIELD_LABEL/><FIELD_POS>00031</FIELD_POS><FIELD_PARENT>00084</FIELD_PARENT><DISABLED/><IS_CONTAINER/><ON_ENTER/><COMBO_TABLE/><COMBO_FIELD/><COMBO_LABEL/><COMBO_TECH/><EVENT_ID/><DESCR/><SH/><SH_KEY/><MEMORYID/><SEL_MULTIPLE/><CHART_FIELD_X/><CHART_FIELD_Y/><CHART_FIELD_DATA/><CHART_COUNT/><DEFAULT_VALUE/><DEFAULT_DATE>0000-00-00</DEFAULT_DATE><CALCULATE_DATE>0</CALCULATE_DATE><DATE_TODAY/><NAV_APPLID/><IS_VIEW/><FLAG1/><FLAG2/><CHART_FIELD_4/><CHART_FIELD_5/><FLAG3/><FLAG4/><FLAG5/><FLAG6/><FLAG7/><EXTEND_ID>00000</EXTEND_ID><EXTEND_TYPE/><ODATA_PATH/><APIID/><API_NAME/><OPERID/><OPER_NAME/><CUSTUI5_GUID/><AJAX_TYPE/></_-NEPTUNE_-_OBJ><_-NEPTUNE_-_OBJ><APPLID>ZUI_NAD_MDM_ADDRESS</APPLID><FIELD_ID>00089</FIELD_ID><VERSION>0001</VERSION><FIELD_NAME>lblformPOBOXPOST_CODE3</FIELD_NAME><FIELD_TYPE>UM5_LABEL</FIELD_TYPE><FIELD_LABEL/><FIELD_POS>00032</FIELD_POS><FIELD_PARENT>00084</FIELD_PARENT><DISABLED/><IS_CONTAINER/><ON_ENTER/><COMBO_TABLE/><COMBO_FIELD/><COMBO_LABEL/><COMBO_TECH/><EVENT_ID/><DESCR/><SH/><SH_KEY/><MEMORYID/><SEL_MULTIPLE/><CHART_FIELD_X/><CHART_FIELD_Y/><CHART_FIELD_DATA/><CHART_COUNT/><DEFAULT_VALUE/><DEFAULT_DATE>0000-00-00</DEFAULT_DATE><CALCULATE_DATE>0</CALCULATE_DATE><DATE_TODAY/><NAV_APPLID/><IS_VIEW/><FLAG1/><FLAG2/><CHART_FIELD_4/><CHART_FIELD_5/><FLAG3/><FLAG4/><FLAG5/><FLAG6/><FLAG7/><EXTEND_ID>00000</EXTEND_ID><EXTEND_TYPE/><ODATA_PATH/><APIID/><API_NAME/><OPERID/><OPER_NAME/><CUSTUI5_GUID/><AJAX_TYPE/></_-NEPTUNE_-_OBJ><_-NEPTUNE_-_OBJ><APPLID>ZUI_NAD_MDM_ADDRESS</APPLID><FIELD_ID>00090</FIELD_ID><VERSION>0001</VERSION><FIELD_NAME>informPOBOXPOST_CODE3</FIELD_NAME><FIELD_TYPE>UM5_INPUT</FIELD_TYPE><FIELD_LABEL/><FIELD_POS>00033</FIELD_POS><FIELD_PARENT>00084</FIELD_PARENT><DISABLED/><IS_CONTAINER/><ON_ENTER/><COMBO_TABLE/><COMBO_FIELD/><COMBO_LABEL/><COMBO_TECH/><EVENT_ID/><DESCR/><SH/><SH_KEY/><MEMORYID/><SEL_MULTIPLE/><CHART_FIELD_X/><CHART_FIELD_Y/><CHART_FIELD_DATA/><CHART_COUNT/><DEFAULT_VALUE/><DEFAULT_DATE>0000-00-00</DEFAULT_DATE><CALCULATE_DATE>0</CALCULATE_DATE><DATE_TODAY/><NAV_APPLID/><IS_VIEW/><FLAG1/><FLAG2/><CHART_FIELD_4/><CHART_FIELD_5/><FLAG3/><FLAG4/><FLAG5/><FLAG6/><FLAG7/><EXTEND_ID>00000</EXTEND_ID><EXTEND_TYPE/><ODATA_PATH/><APIID/><API_NAME/><OPERID/><OPER_NAME/><CUSTUI5_GUID/><AJAX_TYPE/></_-NEPTUNE_-_OBJ><_-NEPTUNE_-_OBJ><APPLID>ZUI_NAD_MDM_ADDRESS</APPLID><FIELD_ID>00093</FIELD_ID><VERSION>0001</VERSION><FIELD_NAME>lblformPOBOXPO_BOX_NUM</FIELD_NAME><FIELD_TYPE>UM5_LABEL</FIELD_TYPE><FIELD_LABEL/><FIELD_POS>00034</FIELD_POS><FIELD_PARENT>00084</FIELD_PARENT><DISABLED/><IS_CONTAINER/><ON_ENTER/><COMBO_TABLE/><COMBO_FIELD/><COMBO_LABEL/><COMBO_TECH/><EVENT_ID/><DESCR/><SH/><SH_KEY/><MEMORYID/><SEL_MULTIPLE/><CHART_FIELD_X/><CHART_FIELD_Y/><CHART_FIELD_DATA/><CHART_COUNT/><DEFAULT_VALUE/><DEFAULT_DATE>0000-00-00</DEFAULT_DATE><CALCULATE_DATE>0</CALCULATE_DATE><DATE_TODAY/><NAV_APPLID/><IS_VIEW/><FLAG1/><FLAG2/><CHART_FIELD_4/><CHART_FIELD_5/><FLAG3/><FLAG4/><FLAG5/><FLAG6/><FLAG7/><EXTEND_ID>00000</EXTEND_ID><EXTEND_TYPE/><ODATA_PATH/><APIID/><API_NAME/><OPERID/><OPER_NAME/><CUSTUI5_GUID/><AJAX_TYPE/></_-NEPTUNE_-_OBJ><_-NEPTUNE_-_OBJ><APPLID>ZUI_NAD_MDM_ADDRESS</APPLID><FIELD_ID>00094</FIELD_ID><VERSION>0001</VERSION><FIELD_NAME>informPOBOXPO_BOX_NUM</FIELD_NAME><FIELD_TYPE>UM5_INPUT</FIELD_TYPE><FIELD_LABEL/><FIELD_POS>00035</FIELD_POS><FIELD_PARENT>00084</FIELD_PARENT><DISABLED/><IS_CONTAINER/><ON_ENTER/><COMBO_TABLE/><COMBO_FIELD/><COMBO_LABEL/><COMBO_TECH/><EVENT_ID/><DESCR/><SH/><SH_KEY/><MEMORYID/><SEL_MULTIPLE/><CHART_FIELD_X/><CHART_FIELD_Y/><CHART_FIELD_DATA/><CHART_COUNT/><DEFAULT_VALUE/><DEFAULT_DATE>0000-00-00</DEFAULT_DATE><CALCULATE_DATE>0</CALCULATE_DATE><DATE_TODAY/><NAV_APPLID/><IS_VIEW/><FLAG1/><FLAG2/><CHART_FIELD_4/><CHART_FIELD_5/><FLAG3/><FLAG4/><FLAG5/><FLAG6/><FLAG7/><EXTEND_ID>00000</EXTEND_ID><EXTEND_TYPE/><ODATA_PATH/><APIID/><API_NAME/><OPERID/><OPER_NAME/><CUSTUI5_GUID/><AJAX_TYPE/></_-NEPTUNE_-_OBJ><_-NEPTUNE_-_OBJ><APPLID>ZUI_NAD_MDM_ADDRESS</APPLID><FIELD_ID>00095</FIELD_ID><VERSION>0001</VERSION><FIELD_NAME>lblformPOBOXPO_BOX_LOC</FIELD_NAME><FIELD_TYPE>UM5_LABEL</FIELD_TYPE><FIELD_LABEL/><FIELD_POS>00036</FIELD_POS><FIELD_PARENT>00084</FIELD_PARENT><DISABLED/><IS_CONTAINER/><ON_ENTER/><COMBO_TABLE/><COMBO_FIELD/><COMBO_LABEL/><COMBO_TECH/><EVENT_ID/><DESCR/><SH/><SH_KEY/><MEMORYID/><SEL_MULTIPLE/><CHART_FIELD_X/><CHART_FIELD_Y/><CHART_FIELD_DATA/><CHART_COUNT/><DEFAULT_VALUE/><DEFAULT_DATE>0000-00-00</DEFAULT_DATE><CALCULATE_DATE>0</CALCULATE_DATE><DATE_TODAY/><NAV_APPLID/><IS_VIEW/><FLAG1/><FLAG2/><CHART_FIELD_4/><CHART_FIELD_5/><FLAG3/><FLAG4/><FLAG5/><FLAG6/><FLAG7/><EXTEND_ID>00000</EXTEND_ID><EXTEND_TYPE/><ODATA_PATH/><APIID/><API_NAME/><OPERID/><OPER_NAME/><CUSTUI5_GUID/><AJAX_TYPE/></_-NEPTUNE_-_OBJ><_-NEPTUNE_-_OBJ><APPLID>ZUI_NAD_MDM_ADDRESS</APPLID><FIELD_ID>00096</FIELD_ID><VERSION>0001</VERSION><FIELD_NAME>informPOBOXPO_BOX_LOC</FIELD_NAME><FIELD_TYPE>UM5_INPUT</FIELD_TYPE><FIELD_LABEL/><FIELD_POS>00037</FIELD_POS><FIELD_PARENT>00084</FIELD_PARENT><DISABLED/><IS_CONTAINER/><ON_ENTER/><COMBO_TABLE/><COMBO_FIELD/><COMBO_LABEL/><COMBO_TECH/><EVENT_ID/><DESCR/><SH/><SH_KEY/><MEMORYID/><SEL_MULTIPLE/><CHART_FIELD_X/><CHART_FIELD_Y/><CHART_FIELD_DATA/><CHART_COUNT/><DEFAULT_VALUE/><DEFAULT_DATE>0000-00-00</DEFAULT_DATE><CALCULATE_DATE>0</CALCULATE_DATE><DATE_TODAY/><NAV_APPLID/><IS_VIEW/><FLAG1/><FLAG2/><CHART_FIELD_4/><CHART_FIELD_5/><FLAG3/><FLAG4/><FLAG5/><FLAG6/><FLAG7/><EXTEND_ID>00000</EXTEND_ID><EXTEND_TYPE/><ODATA_PATH/><APIID/><API_NAME/><OPERID/><OPER_NAME/><CUSTUI5_GUID/><AJAX_TYPE/></_-NEPTUNE_-_OBJ><_-NEPTUNE_-_OBJ><APPLID>ZUI_NAD_MDM_ADDRESS</APPLID><FIELD_ID>00057</FIELD_ID><VERSION>0001</VERSION><FIELD_NAME>oSection2Sub1</FIELD_NAME><FIELD_TYPE>UM5_OPSUBS</FIELD_TYPE><FIELD_LABEL/><FIELD_POS>00038</FIELD_POS><FIELD_PARENT>00081</FIELD_PARENT><DISABLED/><IS_CONTAINER>X</IS_CONTAINER><ON_ENTER/><COMBO_TABLE/><COMBO_FIELD/><COMBO_LABEL/><COMBO_TECH/><EVENT_ID/><DESCR/><SH/><SH_KEY/><MEMORYID/><SEL_MULTIPLE/><CHART_FIELD_X/><CHART_FIELD_Y/><CHART_FIELD_DATA/><CHART_COUNT/><DEFAULT_VALUE/><DEFAULT_DATE>0000-00-00</DEFAULT_DATE><CALCULATE_DATE>0</CALCULATE_DATE><DATE_TODAY/><NAV_APPLID/><IS_VIEW/><FLAG1/><FLAG2/><CHART_FIELD_4/><CHART_FIELD_5/><FLAG3/><FLAG4/><FLAG5/><FLAG6/><FLAG7/><EXTEND_ID>00000</EXTEND_ID><EXTEND_TYPE/><ODATA_PATH/><APIID/><API_NAME/><OPERID/><OPER_NAME/><CUSTUI5_GUID/><AJAX_TYPE/></_-NEPTUNE_-_OBJ><_-NEPTUNE_-_OBJ><APPLID>ZUI_NAD_MDM_ADDRESS</APPLID><FIELD_ID>00058</FIELD_ID><VERSION>0001</VERSION><FIELD_NAME>formBuilding</FIELD_NAME><FIELD_TYPE>UM5_SFORM</FIELD_TYPE><FIELD_LABEL/><FIELD_POS>00039</FIELD_POS><FIELD_PARENT>00057</FIELD_PARENT><DISABLED/><IS_CONTAINER>X</IS_CONTAINER><ON_ENTER/><COMBO_TABLE/><COMBO_FIELD/><COMBO_LABEL/><COMBO_TECH/><EVENT_ID/><DESCR/><SH/><SH_KEY/><MEMORYID/><SEL_MULTIPLE/><CHART_FIELD_X/><CHART_FIELD_Y/><CHART_FIELD_DATA/><CHART_COUNT/><DEFAULT_VALUE/><DEFAULT_DATE>0000-00-00</DEFAULT_DATE><CALCULATE_DATE>0</CALCULATE_DATE><DATE_TODAY/><NAV_APPLID/><IS_VIEW/><FLAG1/><FLAG2/><CHART_FIELD_4/><CHART_FIELD_5/><FLAG3/><FLAG4/><FLAG5/><FLAG6/><FLAG7/><EXTEND_ID>00000</EXTEND_ID><EXTEND_TYPE/><ODATA_PATH/><APIID/><API_NAME/><OPERID/><OPER_NAME/><CUSTUI5_GUID/><AJAX_TYPE/></_-NEPTUNE_-_OBJ><_-NEPTUNE_-_OBJ><APPLID>ZUI_NAD_MDM_ADDRESS</APPLID><FIELD_ID>00071</FIELD_ID><VERSION>0001</VERSION><FIELD_NAME>lblformStreetBUILDING</FIELD_NAME><FIELD_TYPE>UM5_LABEL</FIELD_TYPE><FIELD_LABEL/><FIELD_POS>00040</FIELD_POS><FIELD_PARENT>00058</FIELD_PARENT><DISABLED/><IS_CONTAINER/><ON_ENTER/><COMBO_TABLE/><COMBO_FIELD/><COMBO_LABEL/><COMBO_TECH/><EVENT_ID/><DESCR/><SH/><SH_KEY/><MEMORYID/><SEL_MULTIPLE/><CHART_FIELD_X/><CHART_FIELD_Y/><CHART_FIELD_DATA/><CHART_COUNT/><DEFAULT_VALUE/><DEFAULT_DATE>0000-00-00</DEFAULT_DATE><CALCULATE_DATE>0</CALCULATE_DATE><DATE_TODAY/><NAV_APPLID/><IS_VIEW/><FLAG1/><FLAG2/><CHART_FIELD_4/><CHART_FIELD_5/><FLAG3/><FLAG4/><FLAG5/><FLAG6/><FLAG7/><EXTEND_ID>00000</EXTEND_ID><EXTEND_TYPE/><ODATA_PATH/><APIID/><API_NAME/><OPERID/><OPER_NAME/><CUSTUI5_GUID/><AJAX_TYPE/></_-NEPTUNE_-_OBJ><_-NEPTUNE_-_OBJ><APPLID>ZUI_NAD_MDM_ADDRESS</APPLID><FIELD_ID>00072</FIELD_ID><VERSION>0001</VERSION><FIELD_NAME>informStreetBUILDING</FIELD_NAME><FIELD_TYPE>UM5_INPUT</FIELD_TYPE><FIELD_LABEL/><FIELD_POS>00041</FIELD_POS><FIELD_PARENT>00058</FIELD_PARENT><DISABLED/><IS_CONTAINER/><ON_ENTER/><COMBO_TABLE/><COMBO_FIELD/><COMBO_LABEL/><COMBO_TECH/><EVENT_ID/><DESCR/><SH/><SH_KEY/><MEMORYID/><SEL_MULTIPLE/><CHART_FIELD_X/><CHART_FIELD_Y/><CHART_FIELD_DATA/><CHART_COUNT/><DEFAULT_VALUE/><DEFAULT_DATE>0000-00-00</DEFAULT_DATE><CALCULATE_DATE>0</CALCULATE_DATE><DATE_TODAY/><NAV_APPLID/><IS_VIEW/><FLAG1/><FLAG2/><CHART_FIELD_4/><CHART_FIELD_5/><FLAG3/><FLAG4/><FLAG5/><FLAG6/><FLAG7/><EXTEND_ID>00000</EXTEND_ID><EXTEND_TYPE/><ODATA_PATH/><APIID/><API_NAME/><OPERID/><OPER_NAME/><CUSTUI5_GUID/><AJAX_TYPE/></_-NEPTUNE_-_OBJ><_-NEPTUNE_-_OBJ><APPLID>ZUI_NAD_MDM_ADDRESS</APPLID><FIELD_ID>00073</FIELD_ID><VERSION>0001</VERSION><FIELD_NAME>lblformStreetFLOOR</FIELD_NAME><FIELD_TYPE>UM5_LABEL</FIELD_TYPE><FIELD_LABEL/><FIELD_POS>00042</FIELD_POS><FIELD_PARENT>00058</FIELD_PARENT><DISABLED/><IS_CONTAINER/><ON_ENTER/><COMBO_TABLE/><COMBO_FIELD/><COMBO_LABEL/><COMBO_TECH/><EVENT_ID/><DESCR/><SH/><SH_KEY/><MEMORYID/><SEL_MULTIPLE/><CHART_FIELD_X/><CHART_FIELD_Y/><CHART_FIELD_DATA/><CHART_COUNT/><DEFAULT_VALUE/><DEFAULT_DATE>0000-00-00</DEFAULT_DATE><CALCULATE_DATE>0</CALCULATE_DATE><DATE_TODAY/><NAV_APPLID/><IS_VIEW/><FLAG1/><FLAG2/><CHART_FIELD_4/><CHART_FIELD_5/><FLAG3/><FLAG4/><FLAG5/><FLAG6/><FLAG7/><EXTEND_ID>00000</EXTEND_ID><EXTEND_TYPE/><ODATA_PATH/><APIID/><API_NAME/><OPERID/><OPER_NAME/><CUSTUI5_GUID/><AJAX_TYPE/></_-NEPTUNE_-_OBJ><_-NEPTUNE_-_OBJ><APPLID>ZUI_NAD_MDM_ADDRESS</APPLID><FIELD_ID>00074</FIELD_ID><VERSION>0001</VERSION><FIELD_NAME>informStreetFLOOR</FIELD_NAME><FIELD_TYPE>UM5_INPUT</FIELD_TYPE><FIELD_LABEL/><FIELD_POS>00043</FIELD_POS><FIELD_PARENT>00058</FIELD_PARENT><DISABLED/><IS_CONTAINER/><ON_ENTER/><COMBO_TABLE/><COMBO_FIELD/><COMBO_LABEL/><COMBO_TECH/><EVENT_ID/><DESCR/><SH/><SH_KEY/><MEMORYID/><SEL_MULTIPLE/><CHART_FIELD_X/><CHART_FIELD_Y/><CHART_FIELD_DATA/><CHART_COUNT/><DEFAULT_VALUE/><DEFAULT_DATE>0000-00-00</DEFAULT_DATE><CALCULATE_DATE>0</CALCULATE_DATE><DATE_TODAY/><NAV_APPLID/><IS_VIEW/><FLAG1/><FLAG2/><CHART_FIELD_4/><CHART_FIELD_5/><FLAG3/><FLAG4/><FLAG5/><FLAG6/><FLAG7/><EXTEND_ID>00000</EXTEND_ID><EXTEND_TYPE/><ODATA_PATH/><APIID/><API_NAME/><OPERID/><OPER_NAME/><CUSTUI5_GUID/><AJAX_TYPE/></_-NEPTUNE_-_OBJ><_-NEPTUNE_-_OBJ><APPLID>ZUI_NAD_MDM_ADDRESS</APPLID><FIELD_ID>00075</FIELD_ID><VERSION>0001</VERSION><FIELD_NAME>lblformStreetROOMNUMBER</FIELD_NAME><FIELD_TYPE>UM5_LABEL</FIELD_TYPE><FIELD_LABEL/><FIELD_POS>00044</FIELD_POS><FIELD_PARENT>00058</FIELD_PARENT><DISABLED/><IS_CONTAINER/><ON_ENTER/><COMBO_TABLE/><COMBO_FIELD/><COMBO_LABEL/><COMBO_TECH/><EVENT_ID/><DESCR/><SH/><SH_KEY/><MEMORYID/><SEL_MULTIPLE/><CHART_FIELD_X/><CHART_FIELD_Y/><CHART_FIELD_DATA/><CHART_COUNT/><DEFAULT_VALUE/><DEFAULT_DATE>0000-00-00</DEFAULT_DATE><CALCULATE_DATE>0</CALCULATE_DATE><DATE_TODAY/><NAV_APPLID/><IS_VIEW/><FLAG1/><FLAG2/><CHART_FIELD_4/><CHART_FIELD_5/><FLAG3/><FLAG4/><FLAG5/><FLAG6/><FLAG7/><EXTEND_ID>00000</EXTEND_ID><EXTEND_TYPE/><ODATA_PATH/><APIID/><API_NAME/><OPERID/><OPER_NAME/><CUSTUI5_GUID/><AJAX_TYPE/></_-NEPTUNE_-_OBJ><_-NEPTUNE_-_OBJ><APPLID>ZUI_NAD_MDM_ADDRESS</APPLID><FIELD_ID>00076</FIELD_ID><VERSION>0001</VERSION><FIELD_NAME>informStreetROOMNUMBER</FIELD_NAME><FIELD_TYPE>UM5_INPUT</FIELD_TYPE><FIELD_LABEL/><FIELD_POS>00045</FIELD_POS><FIELD_PARENT>00058</FIELD_PARENT><DISABLED/><IS_CONTAINER/><ON_ENTER/><COMBO_TABLE/><COMBO_FIELD/><COMBO_LABEL/><COMBO_TECH/><EVENT_ID/><DESCR/><SH/><SH_KEY/><MEMORYID/><SEL_MULTIPLE/><CHART_FIELD_X/><CHART_FIELD_Y/><CHART_FIELD_DATA/><CHART_COUNT/><DEFAULT_VALUE/><DEFAULT_DATE>0000-00-00</DEFAULT_DATE><CALCULATE_DATE>0</CALCULATE_DATE><DATE_TODAY/><NAV_APPLID/><IS_VIEW/><FLAG1/><FLAG2/><CHART_FIELD_4/><CHART_FIELD_5/><FLAG3/><FLAG4/><FLAG5/><FLAG6/><FLAG7/><EXTEND_ID>00000</EXTEND_ID><EXTEND_TYPE/><ODATA_PATH/><APIID/><API_NAME/><OPERID/><OPER_NAME/><CUSTUI5_GUID/><AJAX_TYPE/></_-NEPTUNE_-_OBJ><_-NEPTUNE_-_OBJ><APPLID>ZUI_NAD_MDM_ADDRESS</APPLID><FIELD_ID>00077</FIELD_ID><VERSION>0001</VERSION><FIELD_NAME>lblformStreetREGION</FIELD_NAME><FIELD_TYPE>UM5_LABEL</FIELD_TYPE><FIELD_LABEL/><FIELD_POS>00046</FIELD_POS><FIELD_PARENT>00058</FIELD_PARENT><DISABLED/><IS_CONTAINER/><ON_ENTER/><COMBO_TABLE/><COMBO_FIELD/><COMBO_LABEL/><COMBO_TECH/><EVENT_ID/><DESCR/><SH/><SH_KEY/><MEMORYID/><SEL_MULTIPLE/><CHART_FIELD_X/><CHART_FIELD_Y/><CHART_FIELD_DATA/><CHART_COUNT/><DEFAULT_VALUE/><DEFAULT_DATE>0000-00-00</DEFAULT_DATE><CALCULATE_DATE>0</CALCULATE_DATE><DATE_TODAY/><NAV_APPLID/><IS_VIEW/><FLAG1/><FLAG2/><CHART_FIELD_4/><CHART_FIELD_5/><FLAG3/><FLAG4/><FLAG5/><FLAG6/><FLAG7/><EXTEND_ID>00000</EXTEND_ID><EXTEND_TYPE/><ODATA_PATH/><APIID/><API_NAME/><OPERID/><OPER_NAME/><CUSTUI5_GUID/><AJAX_TYPE/></_-NEPTUNE_-_OBJ><_-NEPTUNE_-_OBJ><APPLID>ZUI_NAD_MDM_ADDRESS</APPLID><FIELD_ID>00078</FIELD_ID><VERSION>0001</VERSION><FIELD_NAME>informStreetREGION</FIELD_NAME><FIELD_TYPE>UM5_INPUT</FIELD_TYPE><FIELD_LABEL/><FIELD_POS>00047</FIELD_POS><FIELD_PARENT>00058</FIELD_PARENT><DISABLED/><IS_CONTAINER/><ON_ENTER/><COMBO_TABLE/><COMBO_FIELD/><COMBO_LABEL/><COMBO_TECH/><EVENT_ID/><DESCR/><SH/><SH_KEY/><MEMORYID/><SEL_MULTIPLE/><CHART_FIELD_X/><CHART_FIELD_Y/><CHART_FIELD_DATA/><CHART_COUNT/><DEFAULT_VALUE/><DEFAULT_DATE>0000-00-00</DEFAULT_DATE><CALCULATE_DATE>0</CALCULATE_DATE><DATE_TODAY/><NAV_APPLID/><IS_VIEW/><FLAG1/><FLAG2/><CHART_FIELD_4/><CHART_FIELD_5/><FLAG3/><FLAG4/><FLAG5/><FLAG6/><FLAG7/><EXTEND_ID>00000</EXTEND_ID><EXTEND_TYPE/><ODATA_PATH/><APIID/><API_NAME/><OPERID/><OPER_NAME/><CUSTUI5_GUID/><AJAX_TYPE/></_-NEPTUNE_-_OBJ><_-NEPTUNE_-_OBJ><APPLID>ZUI_NAD_MDM_ADDRESS</APPLID><FIELD_ID>00079</FIELD_ID><VERSION>0001</VERSION><FIELD_NAME>lblformStreetTAXJURCODE</FIELD_NAME><FIELD_TYPE>UM5_LABEL</FIELD_TYPE><FIELD_LABEL/><FIELD_POS>00048</FIELD_POS><FIELD_PARENT>00058</FIELD_PARENT><DISABLED/><IS_CONTAINER/><ON_ENTER/><COMBO_TABLE/><COMBO_FIELD/><COMBO_LABEL/><COMBO_TECH/><EVENT_ID/><DESCR/><SH/><SH_KEY/><MEMORYID/><SEL_MULTIPLE/><CHART_FIELD_X/><CHART_FIELD_Y/><CHART_FIELD_DATA/><CHART_COUNT/><DEFAULT_VALUE/><DEFAULT_DATE>0000-00-00</DEFAULT_DATE><CALCULATE_DATE>0</CALCULATE_DATE><DATE_TODAY/><NAV_APPLID/><IS_VIEW/><FLAG1/><FLAG2/><CHART_FIELD_4/><CHART_FIELD_5/><FLAG3/><FLAG4/><FLAG5/><FLAG6/><FLAG7/><EXTEND_ID>00000</EXTEND_ID><EXTEND_TYPE/><ODATA_PATH/><APIID/><API_NAME/><OPERID/><OPER_NAME/><CUSTUI5_GUID/><AJAX_TYPE/></_-NEPTUNE_-_OBJ><_-NEPTUNE_-_OBJ><APPLID>ZUI_NAD_MDM_ADDRESS</APPLID><FIELD_ID>00080</FIELD_ID><VERSION>0001</VERSION><FIELD_NAME>informStreetTAXJURCODE</FIELD_NAME><FIELD_TYPE>UM5_INPUT</FIELD_TYPE><FIELD_LABEL/><FIELD_POS>00049</FIELD_POS><FIELD_PARENT>00058</FIELD_PARENT><DISABLED/><IS_CONTAINER/><ON_ENTER/><COMBO_TABLE/><COMBO_FIELD/><COMBO_LABEL/><COMBO_TECH/><EVENT_ID/><DESCR/><SH/><SH_KEY/><MEMORYID/><SEL_MULTIPLE/><CHART_FIELD_X/><CHART_FIELD_Y/><CHART_FIELD_DATA/><CHART_COUNT/><DEFAULT_VALUE/><DEFAULT_DATE>0000-00-00</DEFAULT_DATE><CALCULATE_DATE>0</CALCULATE_DATE><DATE_TODAY/><NAV_APPLID/><IS_VIEW/><FLAG1/><FLAG2/><CHART_FIELD_4/><CHART_FIELD_5/><FLAG3/><FLAG4/><FLAG5/><FLAG6/><FLAG7/><EXTEND_ID>00000</EXTEND_ID><EXTEND_TYPE/><ODATA_PATH/><APIID/><API_NAME/><OPERID/><OPER_NAME/><CUSTUI5_GUID/><AJAX_TYPE/></_-NEPTUNE_-_OBJ><_-NEPTUNE_-_OBJ><APPLID>ZUI_NAD_MDM_ADDRESS</APPLID><FIELD_ID>00055</FIELD_ID><VERSION>0001</VERSION><FIELD_NAME>oSection1Sub1</FIELD_NAME><FIELD_TYPE>UM5_OPSUBS</FIELD_TYPE><FIELD_LABEL/><FIELD_POS>00050</FIELD_POS><FIELD_PARENT>00054</FIELD_PARENT><DISABLED/><IS_CONTAINER>X</IS_CONTAINER><ON_ENTER/><COMBO_TABLE/><COMBO_FIELD/><COMBO_LABEL/><COMBO_TECH/><EVENT_ID/><DESCR/><SH/><SH_KEY/><MEMORYID/><SEL_MULTIPLE/><CHART_FIELD_X/><CHART_FIELD_Y/><CHART_FIELD_DATA/><CHART_COUNT/><DEFAULT_VALUE/><DEFAULT_DATE>0000-00-00</DEFAULT_DATE><CALCULATE_DATE>0</CALCULATE_DATE><DATE_TODAY/><NAV_APPLID/><IS_VIEW/><FLAG1/><FLAG2/><CHART_FIELD_4/><CHART_FIELD_5/><FLAG3/><FLAG4/><FLAG5/><FLAG6/><FLAG7/><EXTEND_ID>00000</EXTEND_ID><EXTEND_TYPE/><ODATA_PATH/><APIID/><API_NAME/><OPERID/><OPER_NAME/><CUSTUI5_GUID/><AJAX_TYPE/></_-NEPTUNE_-_OBJ><_-NEPTUNE_-_OBJ><APPLID>ZUI_NAD_MDM_ADDRESS</APPLID><FIELD_ID>00009</FIELD_ID><VERSION>0001</VERSION><FIELD_NAME>formStreet</FIELD_NAME><FIELD_TYPE>UM5_SFORM</FIELD_TYPE><FIELD_LABEL/><FIELD_POS>00051</FIELD_POS><FIELD_PARENT>00055</FIELD_PARENT><DISABLED/><IS_CONTAINER>X</IS_CONTAINER><ON_ENTER/><COMBO_TABLE/><COMBO_FIELD/><COMBO_LABEL/><COMBO_TECH/><EVENT_ID/><DESCR/><SH/><SH_KEY/><MEMORYID/><SEL_MULTIPLE/><CHART_FIELD_X/><CHART_FIELD_Y/><CHART_FIELD_DATA/><CHART_COUNT/><DEFAULT_VALUE/><DEFAULT_DATE>0000-00-00</DEFAULT_DATE><CALCULATE_DATE>0</CALCULATE_DATE><DATE_TODAY/><NAV_APPLID/><IS_VIEW/><FLAG1/><FLAG2/><CHART_FIELD_4/><CHART_FIELD_5/><FLAG3/><FLAG4/><FLAG5/><FLAG6/><FLAG7/><EXTEND_ID>00000</EXTEND_ID><EXTEND_TYPE/><ODATA_PATH/><APIID/><API_NAME/><OPERID/><OPER_NAME/><CUSTUI5_GUID/><AJAX_TYPE/></_-NEPTUNE_-_OBJ><_-NEPTUNE_-_OBJ><APPLID>ZUI_NAD_MDM_ADDRESS</APPLID><FIELD_ID>00024</FIELD_ID><VERSION>0001</VERSION><FIELD_NAME>lblformStreetSTREET</FIELD_NAME><FIELD_TYPE>UM5_LABEL</FIELD_TYPE><FIELD_LABEL/><FIELD_POS>00052</FIELD_POS><FIELD_PARENT>00009</FIELD_PARENT><DISABLED/><IS_CONTAINER/><ON_ENTER/><COMBO_TABLE/><COMBO_FIELD/><COMBO_LABEL/><COMBO_TECH/><EVENT_ID/><DESCR/><SH/><SH_KEY/><MEMORYID/><SEL_MULTIPLE/><CHART_FIELD_X/><CHART_FIELD_Y/><CHART_FIELD_DATA/><CHART_COUNT/><DEFAULT_VALUE/><DEFAULT_DATE>0000-00-00</DEFAULT_DATE><CALCULATE_DATE>0</CALCULATE_DATE><DATE_TODAY/><NAV_APPLID/><IS_VIEW/><FLAG1/><FLAG2/><CHART_FIELD_4/><CHART_FIELD_5/><FLAG3/><FLAG4/><FLAG5/><FLAG6/><FLAG7/><EXTEND_ID>00000</EXTEND_ID><EXTEND_TYPE/><ODATA_PATH/><APIID/><API_NAME/><OPERID/><OPER_NAME/><CUSTUI5_GUID/><AJAX_TYPE/></_-NEPTUNE_-_OBJ><_-NEPTUNE_-_OBJ><APPLID>ZUI_NAD_MDM_ADDRESS</APPLID><FIELD_ID>00025</FIELD_ID><VERSION>0001</VERSION><FIELD_NAME>informStreetSTREET</FIELD_NAME><FIELD_TYPE>UM5_INPUT</FIELD_TYPE><FIELD_LABEL/><FIELD_POS>00053</FIELD_POS><FIELD_PARENT>00009</FIELD_PARENT><DISABLED/><IS_CONTAINER/><ON_ENTER/><COMBO_TABLE/><COMBO_FIELD/><COMBO_LABEL/><COMBO_TECH/><EVENT_ID/><DESCR/><SH/><SH_KEY/><MEMORYID/><SEL_MULTIPLE/><CHART_FIELD_X/><CHART_FIELD_Y/><CHART_FIELD_DATA/><CHART_COUNT/><DEFAULT_VALUE/><DEFAULT_DATE>0000-00-00</DEFAULT_DATE><CALCULATE_DATE>0</CALCULATE_DATE><DATE_TODAY/><NAV_APPLID/><IS_VIEW/><FLAG1/><FLAG2/><CHART_FIELD_4/><CHART_FIELD_5/><FLAG3/><FLAG4/><FLAG5/><FLAG6/><FLAG7/><EXTEND_ID>00000</EXTEND_ID><EXTEND_TYPE/><ODATA_PATH/><APIID/><API_NAME/><OPERID/><OPER_NAME/><CUSTUI5_GUID/><AJAX_TYPE/></_-NEPTUNE_-_OBJ><_-NEPTUNE_-_OBJ><APPLID>ZUI_NAD_MDM_ADDRESS</APPLID><FIELD_ID>00027</FIELD_ID><VERSION>0001</VERSION><FIELD_NAME>informStreetHOUSE_NUM1</FIELD_NAME><FIELD_TYPE>UM5_INPUT</FIELD_TYPE><FIELD_LABEL/><FIELD_POS>00054</FIELD_POS><FIELD_PARENT>00009</FIELD_PARENT><DISABLED/><IS_CONTAINER/><ON_ENTER/><COMBO_TABLE/><COMBO_FIELD/><COMBO_LABEL/><COMBO_TECH/><EVENT_ID/><DESCR/><SH/><SH_KEY/><MEMORYID/><SEL_MULTIPLE/><CHART_FIELD_X/><CHART_FIELD_Y/><CHART_FIELD_DATA/><CHART_COUNT/><DEFAULT_VALUE/><DEFAULT_DATE>0000-00-00</DEFAULT_DATE><CALCULATE_DATE>0</CALCULATE_DATE><DATE_TODAY/><NAV_APPLID/><IS_VIEW/><FLAG1/><FLAG2/><CHART_FIELD_4/><CHART_FIELD_5/><FLAG3/><FLAG4/><FLAG5/><FLAG6/><FLAG7/><EXTEND_ID>00000</EXTEND_ID><EXTEND_TYPE/><ODATA_PATH/><APIID/><API_NAME/><OPERID/><OPER_NAME/><CUSTUI5_GUID/><AJAX_TYPE/></_-NEPTUNE_-_OBJ><_-NEPTUNE_-_OBJ><APPLID>ZUI_NAD_MDM_ADDRESS</APPLID><FIELD_ID>00047</FIELD_ID><VERSION>0001</VERSION><FIELD_NAME>lblformStreetSTREET2</FIELD_NAME><FIELD_TYPE>UM5_LABEL</FIELD_TYPE><FIELD_LABEL/><FIELD_POS>00055</FIELD_POS><FIELD_PARENT>00009</FIELD_PARENT><DISABLED/><IS_CONTAINER/><ON_ENTER/><COMBO_TABLE/><COMBO_FIELD/><COMBO_LABEL/><COMBO_TECH/><EVENT_ID/><DESCR/><SH/><SH_KEY/><MEMORYID/><SEL_MULTIPLE/><CHART_FIELD_X/><CHART_FIELD_Y/><CHART_FIELD_DATA/><CHART_COUNT/><DEFAULT_VALUE/><DEFAULT_DATE>0000-00-00</DEFAULT_DATE><CALCULATE_DATE>0</CALCULATE_DATE><DATE_TODAY/><NAV_APPLID/><IS_VIEW/><FLAG1/><FLAG2/><CHART_FIELD_4/><CHART_FIELD_5/><FLAG3/><FLAG4/><FLAG5/><FLAG6/><FLAG7/><EXTEND_ID>00000</EXTEND_ID><EXTEND_TYPE/><ODATA_PATH/><APIID/><API_NAME/><OPERID/><OPER_NAME/><CUSTUI5_GUID/><AJAX_TYPE/></_-NEPTUNE_-_OBJ><_-NEPTUNE_-_OBJ><APPLID>ZUI_NAD_MDM_ADDRESS</APPLID><FIELD_ID>00046</FIELD_ID><VERSION>0001</VERSION><FIELD_NAME>boxStreet</FIELD_NAME><FIELD_TYPE>UM5_VBOX</FIELD_TYPE><FIELD_LABEL/><FIELD_POS>00056</FIELD_POS><FIELD_PARENT>00009</FIELD_PARENT><DISABLED/><IS_CONTAINER>X</IS_CONTAINER><ON_ENTER/><COMBO_TABLE/><COMBO_FIELD/><COMBO_LABEL/><COMBO_TECH/><EVENT_ID/><DESCR/><SH/><SH_KEY/><MEMORYID/><SEL_MULTIPLE/><CHART_FIELD_X/><CHART_FIELD_Y/><CHART_FIELD_DATA/><CHART_COUNT/><DEFAULT_VALUE/><DEFAULT_DATE>0000-00-00</DEFAULT_DATE><CALCULATE_DATE>0</CALCULATE_DATE><DATE_TODAY/><NAV_APPLID/><IS_VIEW/><FLAG1/><FLAG2/><CHART_FIELD_4/><CHART_FIELD_5/><FLAG3/><FLAG4/><FLAG5/><FLAG6/><FLAG7/><EXTEND_ID>00000</EXTEND_ID><EXTEND_TYPE/><ODATA_PATH/><APIID/><API_NAME/><OPERID/><OPER_NAME/><CUSTUI5_GUID/><AJAX_TYPE/></_-NEPTUNE_-_OBJ><_-NEPTUNE_-_OBJ><APPLID>ZUI_NAD_MDM_ADDRESS</APPLID><FIELD_ID>00010</FIELD_ID><VERSION>0001</VERSION><FIELD_NAME>lblformStreetCITY1</FIELD_NAME><FIELD_TYPE>UM5_LABEL</FIELD_TYPE><FIELD_LABEL/><FIELD_POS>00057</FIELD_POS><FIELD_PARENT>00009</FIELD_PARENT><DISABLED/><IS_CONTAINER/><ON_ENTER/><COMBO_TABLE/><COMBO_FIELD/><COMBO_LABEL/><COMBO_TECH/><EVENT_ID/><DESCR/><SH/><SH_KEY/><MEMORYID/><SEL_MULTIPLE/><CHART_FIELD_X/><CHART_FIELD_Y/><CHART_FIELD_DATA/><CHART_COUNT/><DEFAULT_VALUE/><DEFAULT_DATE>0000-00-00</DEFAULT_DATE><CALCULATE_DATE>0</CALCULATE_DATE><DATE_TODAY/><NAV_APPLID/><IS_VIEW/><FLAG1/><FLAG2/><CHART_FIELD_4/><CHART_FIELD_5/><FLAG3/><FLAG4/><FLAG5/><FLAG6/><FLAG7/><EXTEND_ID>00000</EXTEND_ID><EXTEND_TYPE/><ODATA_PATH/><APIID/><API_NAME/><OPERID/><OPER_NAME/><CUSTUI5_GUID/><AJAX_TYPE/></_-NEPTUNE_-_OBJ><_-NEPTUNE_-_OBJ><APPLID>ZUI_NAD_MDM_ADDRESS</APPLID><FIELD_ID>00013</FIELD_ID><VERSION>0001</VERSION><FIELD_NAME>informStreetPOST_CODE1</FIELD_NAME><FIELD_TYPE>UM5_INPUT</FIELD_TYPE><FIELD_LABEL/><FIELD_POS>00058</FIELD_POS><FIELD_PARENT>00009</FIELD_PARENT><DISABLED/><IS_CONTAINER/><ON_ENTER/><COMBO_TABLE/><COMBO_FIELD/><COMBO_LABEL/><COMBO_TECH/><EVENT_ID/><DESCR/><SH/><SH_KEY/><MEMORYID/><SEL_MULTIPLE/><CHART_FIELD_X/><CHART_FIELD_Y/><CHART_FIELD_DATA/><CHART_COUNT/><DEFAULT_VALUE/><DEFAULT_DATE>0000-00-00</DEFAULT_DATE><CALCULATE_DATE>0</CALCULATE_DATE><DATE_TODAY/><NAV_APPLID/><IS_VIEW/><FLAG1/><FLAG2/><CHART_FIELD_4/><CHART_FIELD_5/><FLAG3/><FLAG4/><FLAG5/><FLAG6/><FLAG7/><EXTEND_ID>00000</EXTEND_ID><EXTEND_TYPE/><ODATA_PATH/><APIID/><API_NAME/><OPERID/><OPER_NAME/><CUSTUI5_GUID/><AJAX_TYPE/></_-NEPTUNE_-_OBJ><_-NEPTUNE_-_OBJ><APPLID>ZUI_NAD_MDM_ADDRESS</APPLID><FIELD_ID>00011</FIELD_ID><VERSION>0001</VERSION><FIELD_NAME>informStreetCITY1</FIELD_NAME><FIELD_TYPE>UM5_INPUT</FIELD_TYPE><FIELD_LABEL/><FIELD_POS>00059</FIELD_POS><FIELD_PARENT>00009</FIELD_PARENT><DISABLED/><IS_CONTAINER/><ON_ENTER/><COMBO_TABLE/><COMBO_FIELD/><COMBO_LABEL/><COMBO_TECH/><EVENT_ID/><DESCR/><SH/><SH_KEY/><MEMORYID/><SEL_MULTIPLE/><CHART_FIELD_X/><CHART_FIELD_Y/><CHART_FIELD_DATA/><CHART_COUNT/><DEFAULT_VALUE/><DEFAULT_DATE>0000-00-00</DEFAULT_DATE><CALCULATE_DATE>0</CALCULATE_DATE><DATE_TODAY/><NAV_APPLID/><IS_VIEW/><FLAG1/><FLAG2/><CHART_FIELD_4/><CHART_FIELD_5/><FLAG3/><FLAG4/><FLAG5/><FLAG6/><FLAG7/><EXTEND_ID>00000</EXTEND_ID><EXTEND_TYPE/><ODATA_PATH/><APIID/><API_NAME/><OPERID/><OPER_NAME/><CUSTUI5_GUID/><AJAX_TYPE/></_-NEPTUNE_-_OBJ><_-NEPTUNE_-_OBJ><APPLID>ZUI_NAD_MDM_ADDRESS</APPLID><FIELD_ID>00049</FIELD_ID><VERSION>0001</VERSION><FIELD_NAME>lblformStreetCITY2</FIELD_NAME><FIELD_TYPE>UM5_LABEL</FIELD_TYPE><FIELD_LABEL/><FIELD_POS>00060</FIELD_POS><FIELD_PARENT>00009</FIELD_PARENT><DISABLED/><IS_CONTAINER/><ON_ENTER/><COMBO_TABLE/><COMBO_FIELD/><COMBO_LABEL/><COMBO_TECH/><EVENT_ID/><DESCR/><SH/><SH_KEY/><MEMORYID/><SEL_MULTIPLE/><CHART_FIELD_X/><CHART_FIELD_Y/><CHART_FIELD_DATA/><CHART_COUNT/><DEFAULT_VALUE/><DEFAULT_DATE>0000-00-00</DEFAULT_DATE><CALCULATE_DATE>0</CALCULATE_DATE><DATE_TODAY/><NAV_APPLID/><IS_VIEW/><FLAG1/><FLAG2/><CHART_FIELD_4/><CHART_FIELD_5/><FLAG3/><FLAG4/><FLAG5/><FLAG6/><FLAG7/><EXTEND_ID>00000</EXTEND_ID><EXTEND_TYPE/><ODATA_PATH/><APIID/><API_NAME/><OPERID/><OPER_NAME/><CUSTUI5_GUID/><AJAX_TYPE/></_-NEPTUNE_-_OBJ><_-NEPTUNE_-_OBJ><APPLID>ZUI_NAD_MDM_ADDRESS</APPLID><FIELD_ID>00048</FIELD_ID><VERSION>0001</VERSION><FIELD_NAME>informStreetCITY2</FIELD_NAME><FIELD_TYPE>UM5_INPUT</FIELD_TYPE><FIELD_LABEL/><FIELD_POS>00061</FIELD_POS><FIELD_PARENT>00009</FIELD_PARENT><DISABLED/><IS_CONTAINER/><ON_ENTER/><COMBO_TABLE/><COMBO_FIELD/><COMBO_LABEL/><COMBO_TECH/><EVENT_ID/><DESCR/><SH/><SH_KEY/><MEMORYID/><SEL_MULTIPLE/><CHART_FIELD_X/><CHART_FIELD_Y/><CHART_FIELD_DATA/><CHART_COUNT/><DEFAULT_VALUE/><DEFAULT_DATE>0000-00-00</DEFAULT_DATE><CALCULATE_DATE>0</CALCULATE_DATE><DATE_TODAY/><NAV_APPLID/><IS_VIEW/><FLAG1/><FLAG2/><CHART_FIELD_4/><CHART_FIELD_5/><FLAG3/><FLAG4/><FLAG5/><FLAG6/><FLAG7/><EXTEND_ID>00000</EXTEND_ID><EXTEND_TYPE/><ODATA_PATH/><APIID/><API_NAME/><OPERID/><OPER_NAME/><CUSTUI5_GUID/><AJAX_TYPE/></_-NEPTUNE_-_OBJ><_-NEPTUNE_-_OBJ><APPLID>ZUI_NAD_MDM_ADDRESS</APPLID><FIELD_ID>00029</FIELD_ID><VERSION>0001</VERSION><FIELD_NAME>informStreetSTR_SUPPL1</FIELD_NAME><FIELD_TYPE>UM5_INPUT</FIELD_TYPE><FIELD_LABEL/><FIELD_POS>00062</FIELD_POS><FIELD_PARENT>00046</FIELD_PARENT><DISABLED/><IS_CONTAINER/><ON_ENTER/><COMBO_TABLE/><COMBO_FIELD/><COMBO_LABEL/><COMBO_TECH/><EVENT_ID/><DESCR/><SH/><SH_KEY/><MEMORYID/><SEL_MULTIPLE/><CHART_FIELD_X/><CHART_FIELD_Y/><CHART_FIELD_DATA/><CHART_COUNT/><DEFAULT_VALUE/><DEFAULT_DATE>0000-00-00</DEFAULT_DATE><CALCULATE_DATE>0</CALCULATE_DATE><DATE_TODAY/><NAV_APPLID/><IS_VIEW/><FLAG1/><FLAG2/><CHART_FIELD_4/><CHART_FIELD_5/><FLAG3/><FLAG4/><FLAG5/><FLAG6/><FLAG7/><EXTEND_ID>00000</EXTEND_ID><EXTEND_TYPE/><ODATA_PATH/><APIID/><API_NAME/><OPERID/><OPER_NAME/><CUSTUI5_GUID/><AJAX_TYPE/></_-NEPTUNE_-_OBJ><_-NEPTUNE_-_OBJ><APPLID>ZUI_NAD_MDM_ADDRESS</APPLID><FIELD_ID>00031</FIELD_ID><VERSION>0001</VERSION><FIELD_NAME>informStreetSTR_SUPPL2</FIELD_NAME><FIELD_TYPE>UM5_INPUT</FIELD_TYPE><FIELD_LABEL/><FIELD_POS>00063</FIELD_POS><FIELD_PARENT>00046</FIELD_PARENT><DISABLED/><IS_CONTAINER/><ON_ENTER/><COMBO_TABLE/><COMBO_FIELD/><COMBO_LABEL/><COMBO_TECH/><EVENT_ID/><DESCR/><SH/><SH_KEY/><MEMORYID/><SEL_MULTIPLE/><CHART_FIELD_X/><CHART_FIELD_Y/><CHART_FIELD_DATA/><CHART_COUNT/><DEFAULT_VALUE/><DEFAULT_DATE>0000-00-00</DEFAULT_DATE><CALCULATE_DATE>0</CALCULATE_DATE><DATE_TODAY/><NAV_APPLID/><IS_VIEW/><FLAG1/><FLAG2/><CHART_FIELD_4/><CHART_FIELD_5/><FLAG3/><FLAG4/><FLAG5/><FLAG6/><FLAG7/><EXTEND_ID>00000</EXTEND_ID><EXTEND_TYPE/><ODATA_PATH/><APIID/><API_NAME/><OPERID/><OPER_NAME/><CUSTUI5_GUID/><AJAX_TYPE/></_-NEPTUNE_-_OBJ><_-NEPTUNE_-_OBJ><APPLID>ZUI_NAD_MDM_ADDRESS</APPLID><FIELD_ID>00033</FIELD_ID><VERSION>0001</VERSION><FIELD_NAME>informStreetSTR_SUPPL3</FIELD_NAME><FIELD_TYPE>UM5_INPUT</FIELD_TYPE><FIELD_LABEL/><FIELD_POS>00064</FIELD_POS><FIELD_PARENT>00046</FIELD_PARENT><DISABLED/><IS_CONTAINER/><ON_ENTER/><COMBO_TABLE/><COMBO_FIELD/><COMBO_LABEL/><COMBO_TECH/><EVENT_ID/><DESCR/><SH/><SH_KEY/><MEMORYID/><SEL_MULTIPLE/><CHART_FIELD_X/><CHART_FIELD_Y/><CHART_FIELD_DATA/><CHART_COUNT/><DEFAULT_VALUE/><DEFAULT_DATE>0000-00-00</DEFAULT_DATE><CALCULATE_DATE>0</CALCULATE_DATE><DATE_TODAY/><NAV_APPLID/><IS_VIEW/><FLAG1/><FLAG2/><CHART_FIELD_4/><CHART_FIELD_5/><FLAG3/><FLAG4/><FLAG5/><FLAG6/><FLAG7/><EXTEND_ID>00000</EXTEND_ID><EXTEND_TYPE/><ODATA_PATH/><APIID/><API_NAME/><OPERID/><OPER_NAME/><CUSTUI5_GUID/><AJAX_TYPE/></_-NEPTUNE_-_OBJ><_-NEPTUNE_-_OBJ><APPLID>ZUI_NAD_MDM_ADDRESS</APPLID><FIELD_ID>00035</FIELD_ID><VERSION>0001</VERSION><FIELD_NAME>informStreetLOCATION</FIELD_NAME><FIELD_TYPE>UM5_INPUT</FIELD_TYPE><FIELD_LABEL/><FIELD_POS>00065</FIELD_POS><FIELD_PARENT>00046</FIELD_PARENT><DISABLED/><IS_CONTAINER/><ON_ENTER/><COMBO_TABLE/><COMBO_FIELD/><COMBO_LABEL/><COMBO_TECH/><EVENT_ID/><DESCR/><SH/><SH_KEY/><MEMORYID/><SEL_MULTIPLE/><CHART_FIELD_X/><CHART_FIELD_Y/><CHART_FIELD_DATA/><CHART_COUNT/><DEFAULT_VALUE/><DEFAULT_DATE>0000-00-00</DEFAULT_DATE><CALCULATE_DATE>0</CALCULATE_DATE><DATE_TODAY/><NAV_APPLID/><IS_VIEW/><FLAG1/><FLAG2/><CHART_FIELD_4/><CHART_FIELD_5/><FLAG3/><FLAG4/><FLAG5/><FLAG6/><FLAG7/><EXTEND_ID>00000</EXTEND_ID><EXTEND_TYPE/><ODATA_PATH/><APIID/><API_NAME/><OPERID/><OPER_NAME/><CUSTUI5_GUID/><AJAX_TYPE/></_-NEPTUNE_-_OBJ><_-NEPTUNE_-_OBJ><APPLID>ZUI_NAD_MDM_ADDRESS</APPLID><FIELD_ID>00005</FIELD_ID><VERSION>0001</VERSION><FIELD_NAME>oPageHidden</FIELD_NAME><FIELD_TYPE>UM5_PAGE</FIELD_TYPE><FIELD_LABEL/><FIELD_POS>00066</FIELD_POS><FIELD_PARENT>00003</FIELD_PARENT><DISABLED/><IS_CONTAINER>X</IS_CONTAINER><ON_ENTER/><COMBO_TABLE/><COMBO_FIELD/><COMBO_LABEL/><COMBO_TECH/><EVENT_ID/><DESCR/><SH/><SH_KEY/><MEMORYID/><SEL_MULTIPLE/><CHART_FIELD_X/><CHART_FIELD_Y/><CHART_FIELD_DATA/><CHART_COUNT/><DEFAULT_VALUE/><DEFAULT_DATE>0000-00-00</DEFAULT_DATE><CALCULATE_DATE>0</CALCULATE_DATE><DATE_TODAY/><NAV_APPLID/><IS_VIEW/><FLAG1/><FLAG2/><CHART_FIELD_4/><CHART_FIELD_5/><FLAG3/><FLAG4/><FLAG5/><FLAG6/><FLAG7/><EXTEND_ID>00000</EXTEND_ID><EXTEND_TYPE/><ODATA_PATH/><APIID/><API_NAME/><OPERID/><OPER_NAME/><CUSTUI5_GUID/><AJAX_TYPE/></_-NEPTUNE_-_OBJ><_-NEPTUNE_-_OBJ><APPLID>ZUI_NAD_MDM_ADDRESS</APPLID><FIELD_ID>00007</FIELD_ID><VERSION>0001</VERSION><FIELD_NAME>Detail</FIELD_NAME><FIELD_TYPE>UM5_AJAX</FIELD_TYPE><FIELD_LABEL/><FIELD_POS>00067</FIELD_POS><FIELD_PARENT>00005</FIELD_PARENT><DISABLED/><IS_CONTAINER/><ON_ENTER/><COMBO_TABLE/><COMBO_FIELD/><COMBO_LABEL/><COMBO_TECH/><EVENT_ID>GET_DETAIL</EVENT_ID><DESCR/><SH/><SH_KEY/><MEMORYID/><SEL_MULTIPLE/><CHART_FIELD_X/><CHART_FIELD_Y/><CHART_FIELD_DATA/><CHART_COUNT/><DEFAULT_VALUE/><DEFAULT_DATE>0000-00-00</DEFAULT_DATE><CALCULATE_DATE>0</CALCULATE_DATE><DATE_TODAY/><NAV_APPLID/><IS_VIEW/><FLAG1/><FLAG2/><CHART_FIELD_4/><CHART_FIELD_5/><FLAG3/><FLAG4/><FLAG5/><FLAG6/><FLAG7/><EXTEND_ID>00000</EXTEND_ID><EXTEND_TYPE/><ODATA_PATH/><APIID/><API_NAME/><OPERID/><OPER_NAME/><CUSTUI5_GUID/><AJAX_TYPE/></_-NEPTUNE_-_OBJ><_-NEPTUNE_-_OBJ><APPLID>ZUI_NAD_MDM_ADDRESS</APPLID><FIELD_ID>00006</FIELD_ID><VERSION>0001</VERSION><FIELD_NAME>Init</FIELD_NAME><FIELD_TYPE>SCRIPT</FIELD_TYPE><FIELD_LABEL/><FIELD_POS>00068</FIELD_POS><FIELD_PARENT>00005</FIELD_PARENT><DISABLED/><IS_CONTAINER/><ON_ENTER/><COMBO_TABLE/><COMBO_FIELD/><COMBO_LABEL/><COMBO_TECH/><EVENT_ID/><DESCR/><SH/><SH_KEY/><MEMORYID/><SEL_MULTIPLE/><CHART_FIELD_X/><CHART_FIELD_Y/><CHART_FIELD_DATA/><CHART_COUNT/><DEFAULT_VALUE/><DEFAULT_DATE>0000-00-00</DEFAULT_DATE><CALCULATE_DATE>0</CALCULATE_DATE><DATE_TODAY/><NAV_APPLID/><IS_VIEW/><FLAG1/><FLAG2/><CHART_FIELD_4/><CHART_FIELD_5/><FLAG3/><FLAG4/><FLAG5/><FLAG6/><FLAG7/><EXTEND_ID>00000</EXTEND_ID><EXTEND_TYPE/><ODATA_PATH/><APIID/><API_NAME/><OPERID/><OPER_NAME/><CUSTUI5_GUID/><AJAX_TYPE/></_-NEPTUNE_-_OBJ></IT_CONTENT><IT_ATTRIBUTES><_-NEPTUNE_-_OBJ_AT><APPLID>ZUI_NAD_MDM_ADDRESS</APPLID><FIELD_ID>00004</FIELD_ID><VERSION>0001</VERSION><ATTRIBUTE>showHeader</ATTRIBUTE><GROUPING>Properties</GROUPING><VALUE>false</VALUE><BINDING_PATH/><BINDING_TYPE/><BINDING_REF/><BIND_BUILD_ORIGIN/></_-NEPTUNE_-_OBJ_AT><_-NEPTUNE_-_OBJ_AT><APPLID>ZUI_NAD_MDM_ADDRESS</APPLID><FIELD_ID>00007</FIELD_ID><VERSION>0001</VERSION><ATTRIBUTE>ajaxSuccess</ATTRIBUTE><GROUPING>Events</GROUPING><VALUE>Anonymous Function</VALUE><BINDING_PATH/><BINDING_TYPE/><BINDING_REF/><BIND_BUILD_ORIGIN/></_-NEPTUNE_-_OBJ_AT><_-NEPTUNE_-_OBJ_AT><APPLID>ZUI_NAD_MDM_ADDRESS</APPLID><FIELD_ID>00009</FIELD_ID><VERSION>0001</VERSION><ATTRIBUTE>breakpointM</ATTRIBUTE><GROUPING>Properties</GROUPING><VALUE>400</VALUE><BINDING_PATH/><BINDING_TYPE/><BINDING_REF/><BIND_BUILD_ORIGIN/></_-NEPTUNE_-_OBJ_AT><_-NEPTUNE_-_OBJ_AT><APPLID>ZUI_NAD_MDM_ADDRESS</APPLID><FIELD_ID>00009</FIELD_ID><VERSION>0001</VERSION><ATTRIBUTE>editable</ATTRIBUTE><GROUPING>Properties</GROUPING><VALUE>true</VALUE><BINDING_PATH/><BINDING_TYPE/><BINDING_REF/><BIND_BUILD_ORIGIN/></_-NEPTUNE_-_OBJ_AT><_-NEPTUNE_-_OBJ_AT><APPLID>ZUI_NAD_MDM_ADDRESS</APPLID><FIELD_ID>00009</FIELD_ID><VERSION>0001</VERSION><ATTRIBUTE>labelSpanL</ATTRIBUTE><GROUPING>Properties</GROUPING><VALUE>3</VALUE><BINDING_PATH/><BINDING_TYPE/><BINDING_REF/><BIND_BUILD_ORIGIN/></_-NEPTUNE_-_OBJ_AT><_-NEPTUNE_-_OBJ_AT><APPLID>ZUI_NAD_MDM_ADDRESS</APPLID><FIELD_ID>00009</FIELD_ID><VERSION>0001</VERSION><ATTRIBUTE>labelSpanM</ATTRIBUTE><GROUPING>Properties</GROUPING><VALUE>3</VALUE><BINDING_PATH/><BINDING_TYPE/><BINDING_REF/><BIND_BUILD_ORIGIN/></_-NEPTUNE_-_OBJ_AT><_-NEPTUNE_-_OBJ_AT><APPLID>ZUI_NAD_MDM_ADDRESS</APPLID><FIELD_ID>00009</FIELD_ID><VERSION>0001</VERSION><ATTRIBUTE>layout</ATTRIBUTE><GROUPING>Properties</GROUPING><VALUE>ResponsiveGridLayout</VALUE><BINDING_PATH/><BINDING_TYPE/><BINDING_REF/><BIND_BUILD_ORIGIN/></_-NEPTUNE_-_OBJ_AT><_-NEPTUNE_-_OBJ_AT><APPLID>ZUI_NAD_MDM_ADDRESS</APPLID><FIELD_ID>00010</FIELD_ID><VERSION>0001</VERSION><ATTRIBUTE>text</ATTRIBUTE><GROUPING>Properties</GROUPING><VALUE>City</VALUE><BINDING_PATH/><BINDING_TYPE/><BINDING_REF/><BIND_BUILD_ORIGIN/></_-NEPTUNE_-_OBJ_AT><_-NEPTUNE_-_OBJ_AT><APPLID>ZUI_NAD_MDM_ADDRESS</APPLID><FIELD_ID>00011</FIELD_ID><VERSION>0001</VERSION><ATTRIBUTE>enabled</ATTRIBUTE><GROUPING>Properties</GROUPING><VALUE>false</VALUE><BINDING_PATH/><BINDING_TYPE/><BINDING_REF/><BIND_BUILD_ORIGIN/></_-NEPTUNE_-_OBJ_AT><_-NEPTUNE_-_OBJ_AT><APPLID>ZUI_NAD_MDM_ADDRESS</APPLID><FIELD_ID>00011</FIELD_ID><VERSION>0001</VERSION><ATTRIBUTE>value</ATTRIBUTE><GROUPING>Properties</GROUPING><VALUE>{WA_ADRC-CITY1}</VALUE><BINDING_PATH/><BINDING_TYPE/><BINDING_REF/><BIND_BUILD_ORIGIN/></_-NEPTUNE_-_OBJ_AT><_-NEPTUNE_-_OBJ_AT><APPLID>ZUI_NAD_MDM_ADDRESS</APPLID><FIELD_ID>00013</FIELD_ID><VERSION>0001</VERSION><ATTRIBUTE>enabled</ATTRIBUTE><GROUPING>Properties</GROUPING><VALUE>false</VALUE><BINDING_PATH/><BINDING_TYPE/><BINDING_REF/><BIND_BUILD_ORIGIN/></_-NEPTUNE_-_OBJ_AT><_-NEPTUNE_-_OBJ_AT><APPLID>ZUI_NAD_MDM_ADDRESS</APPLID><FIELD_ID>00013</FIELD_ID><VERSION>0001</VERSION><ATTRIBUTE>value</ATTRIBUTE><GROUPING>Properties</GROUPING><VALUE>{WA_ADRC-POST_CODE1}</VALUE><BINDING_PATH/><BINDING_TYPE/><BINDING_REF/><BIND_BUILD_ORIGIN/></_-NEPTUNE_-_OBJ_AT><_-NEPTUNE_-_OBJ_AT><APPLID>ZUI_NAD_MDM_ADDRESS</APPLID><FIELD_ID>00024</FIELD_ID><VERSION>0001</VERSION><ATTRIBUTE>text</ATTRIBUTE><GROUPING>Properties</GROUPING><VALUE>Street</VALUE><BINDING_PATH/><BINDING_TYPE/><BINDING_REF/><BIND_BUILD_ORIGIN/></_-NEPTUNE_-_OBJ_AT><_-NEPTUNE_-_OBJ_AT><APPLID>ZUI_NAD_MDM_ADDRESS</APPLID><FIELD_ID>00025</FIELD_ID><VERSION>0001</VERSION><ATTRIBUTE>enabled</ATTRIBUTE><GROUPING>Properties</GROUPING><VALUE>false</VALUE><BINDING_PATH/><BINDING_TYPE/><BINDING_REF/><BIND_BUILD_ORIGIN/></_-NEPTUNE_-_OBJ_AT><_-NEPTUNE_-_OBJ_AT><APPLID>ZUI_NAD_MDM_ADDRESS</APPLID><FIELD_ID>00025</FIELD_ID><VERSION>0001</VERSION><ATTRIBUTE>fieldWidth</ATTRIBUTE><GROUPING>Properties</GROUPING><VALUE>100%</VALUE><BINDING_PATH/><BINDING_TYPE/><BINDING_REF/><BIND_BUILD_ORIGIN/></_-NEPTUNE_-_OBJ_AT><_-NEPTUNE_-_OBJ_AT><APPLID>ZUI_NAD_MDM_ADDRESS</APPLID><FIELD_ID>00025</FIELD_ID><VERSION>0001</VERSION><ATTRIBUTE>value</ATTRIBUTE><GROUPING>Properties</GROUPING><VALUE>{WA_ADRC-STREET}</VALUE><BINDING_PATH/><BINDING_TYPE/><BINDING_REF/><BIND_BUILD_ORIGIN/></_-NEPTUNE_-_OBJ_AT><_-NEPTUNE_-_OBJ_AT><APPLID>ZUI_NAD_MDM_ADDRESS</APPLID><FIELD_ID>00027</FIELD_ID><VERSION>0001</VERSION><ATTRIBUTE>enabled</ATTRIBUTE><GROUPING>Properties</GROUPING><VALUE>false</VALUE><BINDING_PATH/><BINDING_TYPE/><BINDING_REF/><BIND_BUILD_ORIGIN/></_-NEPTUNE_-_OBJ_AT><_-NEPTUNE_-_OBJ_AT><APPLID>ZUI_NAD_MDM_ADDRESS</APPLID><FIELD_ID>00027</FIELD_ID><VERSION>0001</VERSION><ATTRIBUTE>value</ATTRIBUTE><GROUPING>Properties</GROUPING><VALUE>{WA_ADRC-HOUSE_NUM1}</VALUE><BINDING_PATH/><BINDING_TYPE/><BINDING_REF/><BIND_BUILD_ORIGIN/></_-NEPTUNE_-_OBJ_AT><_-NEPTUNE_-_OBJ_AT><APPLID>ZUI_NAD_MDM_ADDRESS</APPLID><FIELD_ID>00029</FIELD_ID><VERSION>0001</VERSION><ATTRIBUTE>enabled</ATTRIBUTE><GROUPING>Properties</GROUPING><VALUE>false</VALUE><BINDING_PATH/><BINDING_TYPE/><BINDING_REF/><BIND_BUILD_ORIGIN/></_-NEPTUNE_-_OBJ_AT><_-NEPTUNE_-_OBJ_AT><APPLID>ZUI_NAD_MDM_ADDRESS</APPLID><FIELD_ID>00029</FIELD_ID><VERSION>0001</VERSION><ATTRIBUTE>value</ATTRIBUTE><GROUPING>Properties</GROUPING><VALUE>{WA_ADRC-STR_SUPPL1}</VALUE><BINDING_PATH/><BINDING_TYPE/><BINDING_REF/><BIND_BUILD_ORIGIN/></_-NEPTUNE_-_OBJ_AT><_-NEPTUNE_-_OBJ_AT><APPLID>ZUI_NAD_MDM_ADDRESS</APPLID><FIELD_ID>00031</FIELD_ID><VERSION>0001</VERSION><ATTRIBUTE>enabled</ATTRIBUTE><GROUPING>Properties</GROUPING><VALUE>false</VALUE><BINDING_PATH/><BINDING_TYPE/><BINDING_REF/><BIND_BUILD_ORIGIN/></_-NEPTUNE_-_OBJ_AT><_-NEPTUNE_-_OBJ_AT><APPLID>ZUI_NAD_MDM_ADDRESS</APPLID><FIELD_ID>00031</FIELD_ID><VERSION>0001</VERSION><ATTRIBUTE>value</ATTRIBUTE><GROUPING>Properties</GROUPING><VALUE>{WA_ADRC-STR_SUPPL2}</VALUE><BINDING_PATH/><BINDING_TYPE/><BINDING_REF/><BIND_BUILD_ORIGIN/></_-NEPTUNE_-_OBJ_AT><_-NEPTUNE_-_OBJ_AT><APPLID>ZUI_NAD_MDM_ADDRESS</APPLID><FIELD_ID>00033</FIELD_ID><VERSION>0001</VERSION><ATTRIBUTE>enabled</ATTRIBUTE><GROUPING>Properties</GROUPING><VALUE>false</VALUE><BINDING_PATH/><BINDING_TYPE/><BINDING_REF/><BIND_BUILD_ORIGIN/></_-NEPTUNE_-_OBJ_AT><_-NEPTUNE_-_OBJ_AT><APPLID>ZUI_NAD_MDM_ADDRESS</APPLID><FIELD_ID>00033</FIELD_ID><VERSION>0001</VERSION><ATTRIBUTE>value</ATTRIBUTE><GROUPING>Properties</GROUPING><VALUE>{WA_ADRC-STR_SUPPL3}</VALUE><BINDING_PATH/><BINDING_TYPE/><BINDING_REF/><BIND_BUILD_ORIGIN/></_-NEPTUNE_-_OBJ_AT><_-NEPTUNE_-_OBJ_AT><APPLID>ZUI_NAD_MDM_ADDRESS</APPLID><FIELD_ID>00035</FIELD_ID><VERSION>0001</VERSION><ATTRIBUTE>enabled</ATTRIBUTE><GROUPING>Properties</GROUPING><VALUE>false</VALUE><BINDING_PATH/><BINDING_TYPE/><BINDING_REF/><BIND_BUILD_ORIGIN/></_-NEPTUNE_-_OBJ_AT><_-NEPTUNE_-_OBJ_AT><APPLID>ZUI_NAD_MDM_ADDRESS</APPLID><FIELD_ID>00035</FIELD_ID><VERSION>0001</VERSION><ATTRIBUTE>value</ATTRIBUTE><GROUPING>Properties</GROUPING><VALUE>{WA_ADRC-LOCATION}</VALUE><BINDING_PATH/><BINDING_TYPE/><BINDING_REF/><BIND_BUILD_ORIGIN/></_-NEPTUNE_-_OBJ_AT><_-NEPTUNE_-_OBJ_AT><APPLID>ZUI_NAD_MDM_ADDRESS</APPLID><FIELD_ID>00048</FIELD_ID><VERSION>0001</VERSION><ATTRIBUTE>enabled</ATTRIBUTE><GROUPING>Properties</GROUPING><VALUE>false</VALUE><BINDING_PATH/><BINDING_TYPE/><BINDING_REF/><BIND_BUILD_ORIGIN/></_-NEPTUNE_-_OBJ_AT><_-NEPTUNE_-_OBJ_AT><APPLID>ZUI_NAD_MDM_ADDRESS</APPLID><FIELD_ID>00048</FIELD_ID><VERSION>0001</VERSION><ATTRIBUTE>value</ATTRIBUTE><GROUPING>Properties</GROUPING><VALUE>{WA_ADRC-CITY2}</VALUE><BINDING_PATH/><BINDING_TYPE/><BINDING_REF/><BIND_BUILD_ORIGIN/></_-NEPTUNE_-_OBJ_AT><_-NEPTUNE_-_OBJ_AT><APPLID>ZUI_NAD_MDM_ADDRESS</APPLID><FIELD_ID>00049</FIELD_ID><VERSION>0001</VERSION><ATTRIBUTE>text</ATTRIBUTE><GROUPING>Properties</GROUPING><VALUE>District</VALUE><BINDING_PATH/><BINDING_TYPE/><BINDING_REF/><BIND_BUILD_ORIGIN/></_-NEPTUNE_-_OBJ_AT><_-NEPTUNE_-_OBJ_AT><APPLID>ZUI_NAD_MDM_ADDRESS</APPLID><FIELD_ID>00053</FIELD_ID><VERSION>0001</VERSION><ATTRIBUTE>headerDesign</ATTRIBUTE><GROUPING>Properties</GROUPING><VALUE>Dark</VALUE><BINDING_PATH/><BINDING_TYPE/><BINDING_REF/><BIND_BUILD_ORIGIN/></_-NEPTUNE_-_OBJ_AT><_-NEPTUNE_-_OBJ_AT><APPLID>ZUI_NAD_MDM_ADDRESS</APPLID><FIELD_ID>00053</FIELD_ID><VERSION>0001</VERSION><ATTRIBUTE>objectSubtitle</ATTRIBUTE><GROUPING>Properties</GROUPING><VALUE>{WA_ADRC-CITY1}</VALUE><BINDING_PATH/><BINDING_TYPE/><BINDING_REF/><BIND_BUILD_ORIGIN/></_-NEPTUNE_-_OBJ_AT><_-NEPTUNE_-_OBJ_AT><APPLID>ZUI_NAD_MDM_ADDRESS</APPLID><FIELD_ID>00053</FIELD_ID><VERSION>0001</VERSION><ATTRIBUTE>objectTitle</ATTRIBUTE><GROUPING>Properties</GROUPING><VALUE>{WA_ADRC-NAME1},{WA_ADRC-NAME2}</VALUE><BINDING_PATH/><BINDING_TYPE/><BINDING_REF/><BIND_BUILD_ORIGIN/></_-NEPTUNE_-_OBJ_AT><_-NEPTUNE_-_OBJ_AT><APPLID>ZUI_NAD_MDM_ADDRESS</APPLID><FIELD_ID>00054</FIELD_ID><VERSION>0001</VERSION><ATTRIBUTE>title</ATTRIBUTE><GROUPING>Properties</GROUPING><VALUE>Street</VALUE><BINDING_PATH/><BINDING_TYPE/><BINDING_REF/><BIND_BUILD_ORIGIN/></_-NEPTUNE_-_OBJ_AT><_-NEPTUNE_-_OBJ_AT><APPLID>ZUI_NAD_MDM_ADDRESS</APPLID><FIELD_ID>00056</FIELD_ID><VERSION>0001</VERSION><ATTRIBUTE>contentDesign</ATTRIBUTE><GROUPING>Properties</GROUPING><VALUE>Dark</VALUE><BINDING_PATH/><BINDING_TYPE/><BINDING_REF/><BIND_BUILD_ORIGIN/></_-NEPTUNE_-_OBJ_AT><_-NEPTUNE_-_OBJ_AT><APPLID>ZUI_NAD_MDM_ADDRESS</APPLID><FIELD_ID>00058</FIELD_ID><VERSION>0001</VERSION><ATTRIBUTE>breakpointM</ATTRIBUTE><GROUPING>Properties</GROUPING><VALUE>400</VALUE><BINDING_PATH/><BINDING_TYPE/><BINDING_REF/><BIND_BUILD_ORIGIN/></_-NEPTUNE_-_OBJ_AT><_-NEPTUNE_-_OBJ_AT><APPLID>ZUI_NAD_MDM_ADDRESS</APPLID><FIELD_ID>00058</FIELD_ID><VERSION>0001</VERSION><ATTRIBUTE>editable</ATTRIBUTE><GROUPING>Properties</GROUPING><VALUE>true</VALUE><BINDING_PATH/><BINDING_TYPE/><BINDING_REF/><BIND_BUILD_ORIGIN/></_-NEPTUNE_-_OBJ_AT><_-NEPTUNE_-_OBJ_AT><APPLID>ZUI_NAD_MDM_ADDRESS</APPLID><FIELD_ID>00058</FIELD_ID><VERSION>0001</VERSION><ATTRIBUTE>labelSpanL</ATTRIBUTE><GROUPING>Properties</GROUPING><VALUE>3</VALUE><BINDING_PATH/><BINDING_TYPE/><BINDING_REF/><BIND_BUILD_ORIGIN/></_-NEPTUNE_-_OBJ_AT><_-NEPTUNE_-_OBJ_AT><APPLID>ZUI_NAD_MDM_ADDRESS</APPLID><FIELD_ID>00058</FIELD_ID><VERSION>0001</VERSION><ATTRIBUTE>labelSpanM</ATTRIBUTE><GROUPING>Properties</GROUPING><VALUE>3</VALUE><BINDING_PATH/><BINDING_TYPE/><BINDING_REF/><BIND_BUILD_ORIGIN/></_-NEPTUNE_-_OBJ_AT><_-NEPTUNE_-_OBJ_AT><APPLID>ZUI_NAD_MDM_ADDRESS</APPLID><FIELD_ID>00058</FIELD_ID><VERSION>0001</VERSION><ATTRIBUTE>layout</ATTRIBUTE><GROUPING>Properties</GROUPING><VALUE>ResponsiveGridLayout</VALUE><BINDING_PATH/><BINDING_TYPE/><BINDING_REF/><BIND_BUILD_ORIGIN/></_-NEPTUNE_-_OBJ_AT><_-NEPTUNE_-_OBJ_AT><APPLID>ZUI_NAD_MDM_ADDRESS</APPLID><FIELD_ID>00071</FIELD_ID><VERSION>0001</VERSION><ATTRIBUTE>text</ATTRIBUTE><GROUPING>Properties</GROUPING><VALUE>Building</VALUE><BINDING_PATH/><BINDING_TYPE/><BINDING_REF/><BIND_BUILD_ORIGIN/></_-NEPTUNE_-_OBJ_AT><_-NEPTUNE_-_OBJ_AT><APPLID>ZUI_NAD_MDM_ADDRESS</APPLID><FIELD_ID>00072</FIELD_ID><VERSION>0001</VERSION><ATTRIBUTE>enabled</ATTRIBUTE><GROUPING>Properties</GROUPING><VALUE>false</VALUE><BINDING_PATH/><BINDING_TYPE/><BINDING_REF/><BIND_BUILD_ORIGIN/></_-NEPTUNE_-_OBJ_AT><_-NEPTUNE_-_OBJ_AT><APPLID>ZUI_NAD_MDM_ADDRESS</APPLID><FIELD_ID>00072</FIELD_ID><VERSION>0001</VERSION><ATTRIBUTE>value</ATTRIBUTE><GROUPING>Properties</GROUPING><VALUE>{WA_ADRC-BUILDING}</VALUE><BINDING_PATH/><BINDING_TYPE/><BINDING_REF/><BIND_BUILD_ORIGIN/></_-NEPTUNE_-_OBJ_AT><_-NEPTUNE_-_OBJ_AT><APPLID>ZUI_NAD_MDM_ADDRESS</APPLID><FIELD_ID>00073</FIELD_ID><VERSION>0001</VERSION><ATTRIBUTE>text</ATTRIBUTE><GROUPING>Properties</GROUPING><VALUE>Floor</VALUE><BINDING_PATH/><BINDING_TYPE/><BINDING_REF/><BIND_BUILD_ORIGIN/></_-NEPTUNE_-_OBJ_AT><_-NEPTUNE_-_OBJ_AT><APPLID>ZUI_NAD_MDM_ADDRESS</APPLID><FIELD_ID>00074</FIELD_ID><VERSION>0001</VERSION><ATTRIBUTE>enabled</ATTRIBUTE><GROUPING>Properties</GROUPING><VALUE>false</VALUE><BINDING_PATH/><BINDING_TYPE/><BINDING_REF/><BIND_BUILD_ORIGIN/></_-NEPTUNE_-_OBJ_AT><_-NEPTUNE_-_OBJ_AT><APPLID>ZUI_NAD_MDM_ADDRESS</APPLID><FIELD_ID>00074</FIELD_ID><VERSION>0001</VERSION><ATTRIBUTE>value</ATTRIBUTE><GROUPING>Properties</GROUPING><VALUE>{WA_ADRC-FLOOR}</VALUE><BINDING_PATH/><BINDING_TYPE/><BINDING_REF/><BIND_BUILD_ORIGIN/></_-NEPTUNE_-_OBJ_AT><_-NEPTUNE_-_OBJ_AT><APPLID>ZUI_NAD_MDM_ADDRESS</APPLID><FIELD_ID>00075</FIELD_ID><VERSION>0001</VERSION><ATTRIBUTE>text</ATTRIBUTE><GROUPING>Properties</GROUPING><VALUE>Room</VALUE><BINDING_PATH/><BINDING_TYPE/><BINDING_REF/><BIND_BUILD_ORIGIN/></_-NEPTUNE_-_OBJ_AT><_-NEPTUNE_-_OBJ_AT><APPLID>ZUI_NAD_MDM_ADDRESS</APPLID><FIELD_ID>00076</FIELD_ID><VERSION>0001</VERSION><ATTRIBUTE>enabled</ATTRIBUTE><GROUPING>Properties</GROUPING><VALUE>false</VALUE><BINDING_PATH/><BINDING_TYPE/><BINDING_REF/><BIND_BUILD_ORIGIN/></_-NEPTUNE_-_OBJ_AT><_-NEPTUNE_-_OBJ_AT><APPLID>ZUI_NAD_MDM_ADDRESS</APPLID><FIELD_ID>00076</FIELD_ID><VERSION>0001</VERSION><ATTRIBUTE>value</ATTRIBUTE><GROUPING>Properties</GROUPING><VALUE>{WA_ADRC-ROOMNUMBER}</VALUE><BINDING_PATH/><BINDING_TYPE/><BINDING_REF/><BIND_BUILD_ORIGIN/></_-NEPTUNE_-_OBJ_AT><_-NEPTUNE_-_OBJ_AT><APPLID>ZUI_NAD_MDM_ADDRESS</APPLID><FIELD_ID>00077</FIELD_ID><VERSION>0001</VERSION><ATTRIBUTE>text</ATTRIBUTE><GROUPING>Properties</GROUPING><VALUE>Region</VALUE><BINDING_PATH/><BINDING_TYPE/><BINDING_REF/><BIND_BUILD_ORIGIN/></_-NEPTUNE_-_OBJ_AT><_-NEPTUNE_-_OBJ_AT><APPLID>ZUI_NAD_MDM_ADDRESS</APPLID><FIELD_ID>00078</FIELD_ID><VERSION>0001</VERSION><ATTRIBUTE>enabled</ATTRIBUTE><GROUPING>Properties</GROUPING><VALUE>false</VALUE><BINDING_PATH/><BINDING_TYPE/><BINDING_REF/><BIND_BUILD_ORIGIN/></_-NEPTUNE_-_OBJ_AT><_-NEPTUNE_-_OBJ_AT><APPLID>ZUI_NAD_MDM_ADDRESS</APPLID><FIELD_ID>00078</FIELD_ID><VERSION>0001</VERSION><ATTRIBUTE>value</ATTRIBUTE><GROUPING>Properties</GROUPING><VALUE>{WA_ADRC-REGION}</VALUE><BINDING_PATH/><BINDING_TYPE/><BINDING_REF/><BIND_BUILD_ORIGIN/></_-NEPTUNE_-_OBJ_AT><_-NEPTUNE_-_OBJ_AT><APPLID>ZUI_NAD_MDM_ADDRESS</APPLID><FIELD_ID>00079</FIELD_ID><VERSION>0001</VERSION><ATTRIBUTE>text</ATTRIBUTE><GROUPING>Properties</GROUPING><VALUE>Tax Jurisdiction</VALUE><BINDING_PATH/><BINDING_TYPE/><BINDING_REF/><BIND_BUILD_ORIGIN/></_-NEPTUNE_-_OBJ_AT><_-NEPTUNE_-_OBJ_AT><APPLID>ZUI_NAD_MDM_ADDRESS</APPLID><FIELD_ID>00080</FIELD_ID><VERSION>0001</VERSION><ATTRIBUTE>enabled</ATTRIBUTE><GROUPING>Properties</GROUPING><VALUE>false</VALUE><BINDING_PATH/><BINDING_TYPE/><BINDING_REF/><BIND_BUILD_ORIGIN/></_-NEPTUNE_-_OBJ_AT><_-NEPTUNE_-_OBJ_AT><APPLID>ZUI_NAD_MDM_ADDRESS</APPLID><FIELD_ID>00080</FIELD_ID><VERSION>0001</VERSION><ATTRIBUTE>value</ATTRIBUTE><GROUPING>Properties</GROUPING><VALUE>{WA_ADRC-TAXJURCODE}</VALUE><BINDING_PATH/><BINDING_TYPE/><BINDING_REF/><BIND_BUILD_ORIGIN/></_-NEPTUNE_-_OBJ_AT><_-NEPTUNE_-_OBJ_AT><APPLID>ZUI_NAD_MDM_ADDRESS</APPLID><FIELD_ID>00081</FIELD_ID><VERSION>0001</VERSION><ATTRIBUTE>title</ATTRIBUTE><GROUPING>Properties</GROUPING><VALUE>Building</VALUE><BINDING_PATH/><BINDING_TYPE/><BINDING_REF/><BIND_BUILD_ORIGIN/></_-NEPTUNE_-_OBJ_AT><_-NEPTUNE_-_OBJ_AT><APPLID>ZUI_NAD_MDM_ADDRESS</APPLID><FIELD_ID>00082</FIELD_ID><VERSION>0001</VERSION><ATTRIBUTE>title</ATTRIBUTE><GROUPING>Properties</GROUPING><VALUE>PO Box</VALUE><BINDING_PATH/><BINDING_TYPE/><BINDING_REF/><BIND_BUILD_ORIGIN/></_-NEPTUNE_-_OBJ_AT><_-NEPTUNE_-_OBJ_AT><APPLID>ZUI_NAD_MDM_ADDRESS</APPLID><FIELD_ID>00084</FIELD_ID><VERSION>0001</VERSION><ATTRIBUTE>breakpointM</ATTRIBUTE><GROUPING>Properties</GROUPING><VALUE>400</VALUE><BINDING_PATH/><BINDING_TYPE/><BINDING_REF/><BIND_BUILD_ORIGIN/></_-NEPTUNE_-_OBJ_AT><_-NEPTUNE_-_OBJ_AT><APPLID>ZUI_NAD_MDM_ADDRESS</APPLID><FIELD_ID>00084</FIELD_ID><VERSION>0001</VERSION><ATTRIBUTE>editable</ATTRIBUTE><GROUPING>Properties</GROUPING><VALUE>true</VALUE><BINDING_PATH/><BINDING_TYPE/><BINDING_REF/><BIND_BUILD_ORIGIN/></_-NEPTUNE_-_OBJ_AT><_-NEPTUNE_-_OBJ_AT><APPLID>ZUI_NAD_MDM_ADDRESS</APPLID><FIELD_ID>00084</FIELD_ID><VERSION>0001</VERSION><ATTRIBUTE>labelSpanL</ATTRIBUTE><GROUPING>Properties</GROUPING><VALUE>3</VALUE><BINDING_PATH/><BINDING_TYPE/><BINDING_REF/><BIND_BUILD_ORIGIN/></_-NEPTUNE_-_OBJ_AT><_-NEPTUNE_-_OBJ_AT><APPLID>ZUI_NAD_MDM_ADDRESS</APPLID><FIELD_ID>00084</FIELD_ID><VERSION>0001</VERSION><ATTRIBUTE>labelSpanM</ATTRIBUTE><GROUPING>Properties</GROUPING><VALUE>3</VALUE><BINDING_PATH/><BINDING_TYPE/><BINDING_REF/><BIND_BUILD_ORIGIN/></_-NEPTUNE_-_OBJ_AT><_-NEPTUNE_-_OBJ_AT><APPLID>ZUI_NAD_MDM_ADDRESS</APPLID><FIELD_ID>00084</FIELD_ID><VERSION>0001</VERSION><ATTRIBUTE>layout</ATTRIBUTE><GROUPING>Properties</GROUPING><VALUE>ResponsiveGridLayout</VALUE><BINDING_PATH/><BINDING_TYPE/><BINDING_REF/><BIND_BUILD_ORIGIN/></_-NEPTUNE_-_OBJ_AT><_-NEPTUNE_-_OBJ_AT><APPLID>ZUI_NAD_MDM_ADDRESS</APPLID><FIELD_ID>00085</FIELD_ID><VERSION>0001</VERSION><ATTRIBUTE>text</ATTRIBUTE><GROUPING>Properties</GROUPING><VALUE>Postal Code</VALUE><BINDING_PATH/><BINDING_TYPE/><BINDING_REF/><BIND_BUILD_ORIGIN/></_-NEPTUNE_-_OBJ_AT><_-NEPTUNE_-_OBJ_AT><APPLID>ZUI_NAD_MDM_ADDRESS</APPLID><FIELD_ID>00086</FIELD_ID><VERSION>0001</VERSION><ATTRIBUTE>enabled</ATTRIBUTE><GROUPING>Properties</GROUPING><VALUE>false</VALUE><BINDING_PATH/><BINDING_TYPE/><BINDING_REF/><BIND_BUILD_ORIGIN/></_-NEPTUNE_-_OBJ_AT><_-NEPTUNE_-_OBJ_AT><APPLID>ZUI_NAD_MDM_ADDRESS</APPLID><FIELD_ID>00086</FIELD_ID><VERSION>0001</VERSION><ATTRIBUTE>value</ATTRIBUTE><GROUPING>Properties</GROUPING><VALUE>{WA_ADRC-POST_CODE1}</VALUE><BINDING_PATH/><BINDING_TYPE/><BINDING_REF/><BIND_BUILD_ORIGIN/></_-NEPTUNE_-_OBJ_AT><_-NEPTUNE_-_OBJ_AT><APPLID>ZUI_NAD_MDM_ADDRESS</APPLID><FIELD_ID>00087</FIELD_ID><VERSION>0001</VERSION><ATTRIBUTE>text</ATTRIBUTE><GROUPING>Properties</GROUPING><VALUE>PO Box Postal Code</VALUE><BINDING_PATH/><BINDING_TYPE/><BINDING_REF/><BIND_BUILD_ORIGIN/></_-NEPTUNE_-_OBJ_AT><_-NEPTUNE_-_OBJ_AT><APPLID>ZUI_NAD_MDM_ADDRESS</APPLID><FIELD_ID>00088</FIELD_ID><VERSION>0001</VERSION><ATTRIBUTE>enabled</ATTRIBUTE><GROUPING>Properties</GROUPING><VALUE>false</VALUE><BINDING_PATH/><BINDING_TYPE/><BINDING_REF/><BIND_BUILD_ORIGIN/></_-NEPTUNE_-_OBJ_AT><_-NEPTUNE_-_OBJ_AT><APPLID>ZUI_NAD_MDM_ADDRESS</APPLID><FIELD_ID>00088</FIELD_ID><VERSION>0001</VERSION><ATTRIBUTE>value</ATTRIBUTE><GROUPING>Properties</GROUPING><VALUE>{WA_ADRC-POST_CODE2}</VALUE><BINDING_PATH/><BINDING_TYPE/><BINDING_REF/><BIND_BUILD_ORIGIN/></_-NEPTUNE_-_OBJ_AT><_-NEPTUNE_-_OBJ_AT><APPLID>ZUI_NAD_MDM_ADDRESS</APPLID><FIELD_ID>00089</FIELD_ID><VERSION>0001</VERSION><ATTRIBUTE>text</ATTRIBUTE><GROUPING>Properties</GROUPING><VALUE>Company Postal Code</VALUE><BINDING_PATH/><BINDING_TYPE/><BINDING_REF/><BIND_BUILD_ORIGIN/></_-NEPTUNE_-_OBJ_AT><_-NEPTUNE_-_OBJ_AT><APPLID>ZUI_NAD_MDM_ADDRESS</APPLID><FIELD_ID>00090</FIELD_ID><VERSION>0001</VERSION><ATTRIBUTE>enabled</ATTRIBUTE><GROUPING>Properties</GROUPING><VALUE>false</VALUE><BINDING_PATH/><BINDING_TYPE/><BINDING_REF/><BIND_BUILD_ORIGIN/></_-NEPTUNE_-_OBJ_AT><_-NEPTUNE_-_OBJ_AT><APPLID>ZUI_NAD_MDM_ADDRESS</APPLID><FIELD_ID>00090</FIELD_ID><VERSION>0001</VERSION><ATTRIBUTE>value</ATTRIBUTE><GROUPING>Properties</GROUPING><VALUE>{WA_ADRC-POST_CODE3}</VALUE><BINDING_PATH/><BINDING_TYPE/><BINDING_REF/><BIND_BUILD_ORIGIN/></_-NEPTUNE_-_OBJ_AT><_-NEPTUNE_-_OBJ_AT><APPLID>ZUI_NAD_MDM_ADDRESS</APPLID><FIELD_ID>00091</FIELD_ID><VERSION>0001</VERSION><ATTRIBUTE>text</ATTRIBUTE><GROUPING>Properties</GROUPING><VALUE>PO Box</VALUE><BINDING_PATH/><BINDING_TYPE/><BINDING_REF/><BIND_BUILD_ORIGIN/></_-NEPTUNE_-_OBJ_AT><_-NEPTUNE_-_OBJ_AT><APPLID>ZUI_NAD_MDM_ADDRESS</APPLID><FIELD_ID>00092</FIELD_ID><VERSION>0001</VERSION><ATTRIBUTE>enabled</ATTRIBUTE><GROUPING>Properties</GROUPING><VALUE>false</VALUE><BINDING_PATH/><BINDING_TYPE/><BINDING_REF/><BIND_BUILD_ORIGIN/></_-NEPTUNE_-_OBJ_AT><_-NEPTUNE_-_OBJ_AT><APPLID>ZUI_NAD_MDM_ADDRESS</APPLID><FIELD_ID>00092</FIELD_ID><VERSION>0001</VERSION><ATTRIBUTE>value</ATTRIBUTE><GROUPING>Properties</GROUPING><VALUE>{WA_ADRC-PO_BOX}</VALUE><BINDING_PATH/><BINDING_TYPE/><BINDING_REF/><BIND_BUILD_ORIGIN/></_-NEPTUNE_-_OBJ_AT><_-NEPTUNE_-_OBJ_AT><APPLID>ZUI_NAD_MDM_ADDRESS</APPLID><FIELD_ID>00093</FIELD_ID><VERSION>0001</VERSION><ATTRIBUTE>text</ATTRIBUTE><GROUPING>Properties</GROUPING><VALUE>PO Box w/o No.</VALUE><BINDING_PATH/><BINDING_TYPE/><BINDING_REF/><BIND_BUILD_ORIGIN/></_-NEPTUNE_-_OBJ_AT><_-NEPTUNE_-_OBJ_AT><APPLID>ZUI_NAD_MDM_ADDRESS</APPLID><FIELD_ID>00094</FIELD_ID><VERSION>0001</VERSION><ATTRIBUTE>enabled</ATTRIBUTE><GROUPING>Properties</GROUPING><VALUE>false</VALUE><BINDING_PATH/><BINDING_TYPE/><BINDING_REF/><BIND_BUILD_ORIGIN/></_-NEPTUNE_-_OBJ_AT><_-NEPTUNE_-_OBJ_AT><APPLID>ZUI_NAD_MDM_ADDRESS</APPLID><FIELD_ID>00094</FIELD_ID><VERSION>0001</VERSION><ATTRIBUTE>value</ATTRIBUTE><GROUPING>Properties</GROUPING><VALUE>{WA_ADRC-PO_BOX_NUM}</VALUE><BINDING_PATH/><BINDING_TYPE/><BINDING_REF/><BIND_BUILD_ORIGIN/></_-NEPTUNE_-_OBJ_AT><_-NEPTUNE_-_OBJ_AT><APPLID>ZUI_NAD_MDM_ADDRESS</APPLID><FIELD_ID>00095</FIELD_ID><VERSION>0001</VERSION><ATTRIBUTE>text</ATTRIBUTE><GROUPING>Properties</GROUPING><VALUE>PO Box City</VALUE><BINDING_PATH/><BINDING_TYPE/><BINDING_REF/><BIND_BUILD_ORIGIN/></_-NEPTUNE_-_OBJ_AT><_-NEPTUNE_-_OBJ_AT><APPLID>ZUI_NAD_MDM_ADDRESS</APPLID><FIELD_ID>00096</FIELD_ID><VERSION>0001</VERSION><ATTRIBUTE>enabled</ATTRIBUTE><GROUPING>Properties</GROUPING><VALUE>false</VALUE><BINDING_PATH/><BINDING_TYPE/><BINDING_REF/><BIND_BUILD_ORIGIN/></_-NEPTUNE_-_OBJ_AT><_-NEPTUNE_-_OBJ_AT><APPLID>ZUI_NAD_MDM_ADDRESS</APPLID><FIELD_ID>00096</FIELD_ID><VERSION>0001</VERSION><ATTRIBUTE>value</ATTRIBUTE><GROUPING>Properties</GROUPING><VALUE>{WA_ADRC-PO_BOX_LOC}</VALUE><BINDING_PATH/><BINDING_TYPE/><BINDING_REF/><BIND_BUILD_ORIGIN/></_-NEPTUNE_-_OBJ_AT><_-NEPTUNE_-_OBJ_AT><APPLID>ZUI_NAD_MDM_ADDRESS</APPLID><FIELD_ID>00097</FIELD_ID><VERSION>0001</VERSION><ATTRIBUTE>title</ATTRIBUTE><GROUPING>Properties</GROUPING><VALUE>Communication</VALUE><BINDING_PATH/><BINDING_TYPE/><BINDING_REF/><BIND_BUILD_ORIGIN/></_-NEPTUNE_-_OBJ_AT><_-NEPTUNE_-_OBJ_AT><APPLID>ZUI_NAD_MDM_ADDRESS</APPLID><FIELD_ID>00099</FIELD_ID><VERSION>0001</VERSION><ATTRIBUTE>fixedLayout</ATTRIBUTE><GROUPING>Properties</GROUPING><VALUE>false</VALUE><BINDING_PATH/><BINDING_TYPE/><BINDING_REF/><BIND_BUILD_ORIGIN/></_-NEPTUNE_-_OBJ_AT><_-NEPTUNE_-_OBJ_AT><APPLID>ZUI_NAD_MDM_ADDRESS</APPLID><FIELD_ID>00100</FIELD_ID><VERSION>0001</VERSION><ATTRIBUTE>width</ATTRIBUTE><GROUPING>Properties</GROUPING><VALUE>50px</VALUE><BINDING_PATH/><BINDING_TYPE/><BINDING_REF/><BIND_BUILD_ORIGIN/></_-NEPTUNE_-_OBJ_AT><_-NEPTUNE_-_OBJ_AT><APPLID>ZUI_NAD_MDM_ADDRESS</APPLID><FIELD_ID>00101</FIELD_ID><VERSION>0001</VERSION><ATTRIBUTE>text</ATTRIBUTE><GROUPING>Properties</GROUPING><VALUE>Type</VALUE><BINDING_PATH/><BINDING_TYPE/><BINDING_REF/><BIND_BUILD_ORIGIN/></_-NEPTUNE_-_OBJ_AT><_-NEPTUNE_-_OBJ_AT><APPLID>ZUI_NAD_MDM_ADDRESS</APPLID><FIELD_ID>00101</FIELD_ID><VERSION>0001</VERSION><ATTRIBUTE>width</ATTRIBUTE><GROUPING>Properties</GROUPING><VALUE>150px</VALUE><BINDING_PATH/><BINDING_TYPE/><BINDING_REF/><BIND_BUILD_ORIGIN/></_-NEPTUNE_-_OBJ_AT><_-NEPTUNE_-_OBJ_AT><APPLID>ZUI_NAD_MDM_ADDRESS</APPLID><FIELD_ID>00102</FIELD_ID><VERSION>0001</VERSION><ATTRIBUTE>text</ATTRIBUTE><GROUPING>Properties</GROUPING><VALUE>Value</VALUE><BINDING_PATH/><BINDING_TYPE/><BINDING_REF/><BIND_BUILD_ORIGIN/></_-NEPTUNE_-_OBJ_AT><_-NEPTUNE_-_OBJ_AT><APPLID>ZUI_NAD_MDM_ADDRESS</APPLID><FIELD_ID>00105</FIELD_ID><VERSION>0001</VERSION><ATTRIBUTE>text</ATTRIBUTE><GROUPING>Properties</GROUPING><VALUE>{IT_COM-DESCRIPTION}</VALUE><BINDING_PATH/><BINDING_TYPE/><BINDING_REF/><BIND_BUILD_ORIGIN/></_-NEPTUNE_-_OBJ_AT><_-NEPTUNE_-_OBJ_AT><APPLID>ZUI_NAD_MDM_ADDRESS</APPLID><FIELD_ID>00106</FIELD_ID><VERSION>0001</VERSION><ATTRIBUTE>text</ATTRIBUTE><GROUPING>Properties</GROUPING><VALUE>{IT_COM-VALUE}</VALUE><BINDING_PATH/><BINDING_TYPE/><BINDING_REF/><BIND_BUILD_ORIGIN/></_-NEPTUNE_-_OBJ_AT><_-NEPTUNE_-_OBJ_AT><APPLID>ZUI_NAD_MDM_ADDRESS</APPLID><FIELD_ID>00107</FIELD_ID><VERSION>0001</VERSION><ATTRIBUTE>src</ATTRIBUTE><GROUPING>Properties</GROUPING><VALUE>{IT_COM-ICON}</VALUE><BINDING_PATH/><BINDING_TYPE/><BINDING_REF/><BIND_BUILD_ORIGIN/></_-NEPTUNE_-_OBJ_AT><_-NEPTUNE_-_OBJ_AT><APPLID>ZUI_NAD_MDM_ADDRESS</APPLID><FIELD_ID>00108</FIELD_ID><VERSION>0001</VERSION><ATTRIBUTE>position</ATTRIBUTE><GROUPING>Parent</GROUPING><VALUE>setFooter</VALUE><BINDING_PATH/><BINDING_TYPE/><BINDING_REF/><BIND_BUILD_ORIGIN/></_-NEPTUNE_-_OBJ_AT><_-NEPTUNE_-_OBJ_AT><APPLID>ZUI_NAD_MDM_ADDRESS</APPLID><FIELD_ID>00109</FIELD_ID><VERSION>0001</VERSION><ATTRIBUTE>position</ATTRIBUTE><GROUPING>Parent</GROUPING><VALUE>ContentRight</VALUE><BINDING_PATH/><BINDING_TYPE/><BINDING_REF/><BIND_BUILD_ORIGIN/></_-NEPTUNE_-_OBJ_AT><_-NEPTUNE_-_OBJ_AT><APPLID>ZUI_NAD_MDM_ADDRESS</APPLID><FIELD_ID>00111</FIELD_ID><VERSION>0001</VERSION><ATTRIBUTE>press</ATTRIBUTE><GROUPING>Events</GROUPING><VALUE>Anonymous Function</VALUE><BINDING_PATH/><BINDING_TYPE/><BINDING_REF/><BIND_BUILD_ORIGIN/></_-NEPTUNE_-_OBJ_AT><_-NEPTUNE_-_OBJ_AT><APPLID>ZUI_NAD_MDM_ADDRESS</APPLID><FIELD_ID>00111</FIELD_ID><VERSION>0001</VERSION><ATTRIBUTE>text</ATTRIBUTE><GROUPING>Properties</GROUPING><VALUE>Close</VALUE><BINDING_PATH/><BINDING_TYPE/><BINDING_REF/><BIND_BUILD_ORIGIN/></_-NEPTUNE_-_OBJ_AT></IT_ATTRIBUTES><IT_HTML/><IT_SCRIPT><_-NEPTUNE_-_SCRIPT><APPLID>ZUI_NAD_MDM_ADDRESS</APPLID><FIELD_ID>00006</FIELD_ID><VERSION>0001</VERSION><SEQNR>00001</SEQNR><TEXT>if (sap.n) {</TEXT></_-NEPTUNE_-_SCRIPT><_-NEPTUNE_-_SCRIPT><APPLID>ZUI_NAD_MDM_ADDRESS</APPLID><FIELD_ID>00006</FIELD_ID><VERSION>0001</VERSION><SEQNR>00002</SEQNR><TEXT>    sap.n.Shell.attachBeforeDisplay(function() {</TEXT></_-NEPTUNE_-_SCRIPT><_-NEPTUNE_-_SCRIPT><APPLID>ZUI_NAD_MDM_ADDRESS</APPLID><FIELD_ID>00006</FIELD_ID><VERSION>0001</VERSION><SEQNR>00003</SEQNR><TEXT>        getOnlineDetail(sap.n.Apps.addressNumber);</TEXT></_-NEPTUNE_-_SCRIPT><_-NEPTUNE_-_SCRIPT><APPLID>ZUI_NAD_MDM_ADDRESS</APPLID><FIELD_ID>00006</FIELD_ID><VERSION>0001</VERSION><SEQNR>00004</SEQNR><TEXT>    });</TEXT></_-NEPTUNE_-_SCRIPT><_-NEPTUNE_-_SCRIPT><APPLID>ZUI_NAD_MDM_ADDRESS</APPLID><FIELD_ID>00006</FIELD_ID><VERSION>0001</VERSION><SEQNR>00005</SEQNR><TEXT>}</TEXT></_-NEPTUNE_-_SCRIPT></IT_SCRIPT><IT_TABLE_FIELDS/><IT_ATTRIBUTES_CUSTOMER/><IT_FILTER/><IT_CSS_DESKTOP><_-NEPTUNE_-_CSS_D><APPLID>ZUI_NAD_MDM_ADDRESS</APPLID><VERSION>0001</VERSION><SEQNR>00001</SEQNR><TEXT>#oShell .sapMInputBaseDisabled {</TEXT></_-NEPTUNE_-_CSS_D><_-NEPTUNE_-_CSS_D><APPLID>ZUI_NAD_MDM_ADDRESS</APPLID><VERSION>0001</VERSION><SEQNR>00002</SEQNR><TEXT>    opacity: 0.8;</TEXT></_-NEPTUNE_-_CSS_D><_-NEPTUNE_-_CSS_D><APPLID>ZUI_NAD_MDM_ADDRESS</APPLID><VERSION>0001</VERSION><SEQNR>00003</SEQNR><TEXT>}</TEXT></_-NEPTUNE_-_CSS_D></IT_CSS_DESKTOP><IT_CSS_MOBILE/><IT_CSS_TABLET/><IT_LANGUAGE/><IT_STYLE/><IT_STYLE_CUSTOMER/><IT_PLUGIN><_-NEPTUNE_-_PLUGIN><APPLID>ZUI_NAD_MDM_ADDRESS</APPLID><VERSION>0001</VERSION><PLUGIN_ID>sap_horizon</PLUGIN_ID><SORTING>99</SORTING><NAME>SAP Horizon</NAME></_-NEPTUNE_-_PLUGIN></IT_PLUGIN><IT_MANIFEST/><IT_BINDING><_-NEPTUNE_-_BIND><APPLID>ZUI_NAD_MDM_ADDRESS</APPLID><FIELD_ID>00004</FIELD_ID><VERSION>0001</VERSION><BIND_OBJECT>DATA</BIND_OBJECT><BIND_TYPE>u</BIND_TYPE><BINDING>WA_ADRC</BINDING><CONVEXIT/><XSLT_ENABLE/><BINDING_ROOT_TYPE/><BINDING_ROOT_FIELD_ID>00000</BINDING_ROOT_FIELD_ID><BINDING_PATH/><BIND_BUILD_ORIGIN/></_-NEPTUNE_-_BIND><_-NEPTUNE_-_BIND><APPLID>ZUI_NAD_MDM_ADDRESS</APPLID><FIELD_ID>00099</FIELD_ID><VERSION>0001</VERSION><BIND_OBJECT>DATA</BIND_OBJECT><BIND_TYPE>h</BIND_TYPE><BINDING>IT_COM</BINDING><CONVEXIT/><XSLT_ENABLE/><BINDING_ROOT_TYPE/><BINDING_ROOT_FIELD_ID>00000</BINDING_ROOT_FIELD_ID><BINDING_PATH/><BIND_BUILD_ORIGIN/></_-NEPTUNE_-_BIND></IT_BINDING><IT_EVENT_SCRIPT><_-NEPTUNE_-_EVTSCR><APPLID>ZUI_NAD_MDM_ADDRESS</APPLID><FIELD_ID>00007</FIELD_ID><VERSION>0001</VERSION><EVENT>ajaxSuccess</EVENT><SEQNR>00001</SEQNR><TEXT>// Hide/Show Fields</TEXT></_-NEPTUNE_-_EVTSCR><_-NEPTUNE_-_EVTSCR><APPLID>ZUI_NAD_MDM_ADDRESS</APPLID><FIELD_ID>00007</FIELD_ID><VERSION>0001</VERSION><EVENT>ajaxSuccess</EVENT><SEQNR>00002</SEQNR><TEXT>if (modeloPageStart.oData.STR_SUPPL1) {</TEXT></_-NEPTUNE_-_EVTSCR><_-NEPTUNE_-_EVTSCR><APPLID>ZUI_NAD_MDM_ADDRESS</APPLID><FIELD_ID>00007</FIELD_ID><VERSION>0001</VERSION><EVENT>ajaxSuccess</EVENT><SEQNR>00003</SEQNR><TEXT>    informStreetSTR_SUPPL1.setVisible(true);</TEXT></_-NEPTUNE_-_EVTSCR><_-NEPTUNE_-_EVTSCR><APPLID>ZUI_NAD_MDM_ADDRESS</APPLID><FIELD_ID>00007</FIELD_ID><VERSION>0001</VERSION><EVENT>ajaxSuccess</EVENT><SEQNR>00004</SEQNR><TEXT>} else {</TEXT></_-NEPTUNE_-_EVTSCR><_-NEPTUNE_-_EVTSCR><APPLID>ZUI_NAD_MDM_ADDRESS</APPLID><FIELD_ID>00007</FIELD_ID><VERSION>0001</VERSION><EVENT>ajaxSuccess</EVENT><SEQNR>00005</SEQNR><TEXT>    informStreetSTR_SUPPL1.setVisible(false);</TEXT></_-NEPTUNE_-_EVTSCR><_-NEPTUNE_-_EVTSCR><APPLID>ZUI_NAD_MDM_ADDRESS</APPLID><FIELD_ID>00007</FIELD_ID><VERSION>0001</VERSION><EVENT>ajaxSuccess</EVENT><SEQNR>00006</SEQNR><TEXT>}</TEXT></_-NEPTUNE_-_EVTSCR><_-NEPTUNE_-_EVTSCR><APPLID>ZUI_NAD_MDM_ADDRESS</APPLID><FIELD_ID>00007</FIELD_ID><VERSION>0001</VERSION><EVENT>ajaxSuccess</EVENT><SEQNR>00007</SEQNR><TEXT/></_-NEPTUNE_-_EVTSCR><_-NEPTUNE_-_EVTSCR><APPLID>ZUI_NAD_MDM_ADDRESS</APPLID><FIELD_ID>00007</FIELD_ID><VERSION>0001</VERSION><EVENT>ajaxSuccess</EVENT><SEQNR>00008</SEQNR><TEXT>if (modeloPageStart.oData.STR_SUPPL2) {</TEXT></_-NEPTUNE_-_EVTSCR><_-NEPTUNE_-_EVTSCR><APPLID>ZUI_NAD_MDM_ADDRESS</APPLID><FIELD_ID>00007</FIELD_ID><VERSION>0001</VERSION><EVENT>ajaxSuccess</EVENT><SEQNR>00009</SEQNR><TEXT>    informStreetSTR_SUPPL2.setVisible(true);</TEXT></_-NEPTUNE_-_EVTSCR><_-NEPTUNE_-_EVTSCR><APPLID>ZUI_NAD_MDM_ADDRESS</APPLID><FIELD_ID>00007</FIELD_ID><VERSION>0001</VERSION><EVENT>ajaxSuccess</EVENT><SEQNR>00010</SEQNR><TEXT>} else {</TEXT></_-NEPTUNE_-_EVTSCR><_-NEPTUNE_-_EVTSCR><APPLID>ZUI_NAD_MDM_ADDRESS</APPLID><FIELD_ID>00007</FIELD_ID><VERSION>0001</VERSION><EVENT>ajaxSuccess</EVENT><SEQNR>00011</SEQNR><TEXT>    informStreetSTR_SUPPL2.setVisible(false);</TEXT></_-NEPTUNE_-_EVTSCR><_-NEPTUNE_-_EVTSCR><APPLID>ZUI_NAD_MDM_ADDRESS</APPLID><FIELD_ID>00007</FIELD_ID><VERSION>0001</VERSION><EVENT>ajaxSuccess</EVENT><SEQNR>00012</SEQNR><TEXT>}</TEXT></_-NEPTUNE_-_EVTSCR><_-NEPTUNE_-_EVTSCR><APPLID>ZUI_NAD_MDM_ADDRESS</APPLID><FIELD_ID>00007</FIELD_ID><VERSION>0001</VERSION><EVENT>ajaxSuccess</EVENT><SEQNR>00013</SEQNR><TEXT/></_-NEPTUNE_-_EVTSCR><_-NEPTUNE_-_EVTSCR><APPLID>ZUI_NAD_MDM_ADDRESS</APPLID><FIELD_ID>00007</FIELD_ID><VERSION>0001</VERSION><EVENT>ajaxSuccess</EVENT><SEQNR>00014</SEQNR><TEXT>if (modeloPageStart.oData.STR_SUPPL3) {</TEXT></_-NEPTUNE_-_EVTSCR><_-NEPTUNE_-_EVTSCR><APPLID>ZUI_NAD_MDM_ADDRESS</APPLID><FIELD_ID>00007</FIELD_ID><VERSION>0001</VERSION><EVENT>ajaxSuccess</EVENT><SEQNR>00015</SEQNR><TEXT>    informStreetSTR_SUPPL3.setVisible(true);</TEXT></_-NEPTUNE_-_EVTSCR><_-NEPTUNE_-_EVTSCR><APPLID>ZUI_NAD_MDM_ADDRESS</APPLID><FIELD_ID>00007</FIELD_ID><VERSION>0001</VERSION><EVENT>ajaxSuccess</EVENT><SEQNR>00016</SEQNR><TEXT>} else {</TEXT></_-NEPTUNE_-_EVTSCR><_-NEPTUNE_-_EVTSCR><APPLID>ZUI_NAD_MDM_ADDRESS</APPLID><FIELD_ID>00007</FIELD_ID><VERSION>0001</VERSION><EVENT>ajaxSuccess</EVENT><SEQNR>00017</SEQNR><TEXT>    informStreetSTR_SUPPL3.setVisible(false);</TEXT></_-NEPTUNE_-_EVTSCR><_-NEPTUNE_-_EVTSCR><APPLID>ZUI_NAD_MDM_ADDRESS</APPLID><FIELD_ID>00007</FIELD_ID><VERSION>0001</VERSION><EVENT>ajaxSuccess</EVENT><SEQNR>00018</SEQNR><TEXT>}</TEXT></_-NEPTUNE_-_EVTSCR><_-NEPTUNE_-_EVTSCR><APPLID>ZUI_NAD_MDM_ADDRESS</APPLID><FIELD_ID>00007</FIELD_ID><VERSION>0001</VERSION><EVENT>ajaxSuccess</EVENT><SEQNR>00019</SEQNR><TEXT/></_-NEPTUNE_-_EVTSCR><_-NEPTUNE_-_EVTSCR><APPLID>ZUI_NAD_MDM_ADDRESS</APPLID><FIELD_ID>00111</FIELD_ID><VERSION>0001</VERSION><EVENT>press</EVENT><SEQNR>00001</SEQNR><TEXT>// Close Dialog</TEXT></_-NEPTUNE_-_EVTSCR><_-NEPTUNE_-_EVTSCR><APPLID>ZUI_NAD_MDM_ADDRESS</APPLID><FIELD_ID>00111</FIELD_ID><VERSION>0001</VERSION><EVENT>press</EVENT><SEQNR>00002</SEQNR><TEXT>var parent = oShell.getParent();</TEXT></_-NEPTUNE_-_EVTSCR><_-NEPTUNE_-_EVTSCR><APPLID>ZUI_NAD_MDM_ADDRESS</APPLID><FIELD_ID>00111</FIELD_ID><VERSION>0001</VERSION><EVENT>press</EVENT><SEQNR>00003</SEQNR><TEXT>if (parent) {</TEXT></_-NEPTUNE_-_EVTSCR><_-NEPTUNE_-_EVTSCR><APPLID>ZUI_NAD_MDM_ADDRESS</APPLID><FIELD_ID>00111</FIELD_ID><VERSION>0001</VERSION><EVENT>press</EVENT><SEQNR>00004</SEQNR><TEXT>    var dia = parent.getParent();</TEXT></_-NEPTUNE_-_EVTSCR><_-NEPTUNE_-_EVTSCR><APPLID>ZUI_NAD_MDM_ADDRESS</APPLID><FIELD_ID>00111</FIELD_ID><VERSION>0001</VERSION><EVENT>press</EVENT><SEQNR>00005</SEQNR><TEXT>    if (dia) {</TEXT></_-NEPTUNE_-_EVTSCR><_-NEPTUNE_-_EVTSCR><APPLID>ZUI_NAD_MDM_ADDRESS</APPLID><FIELD_ID>00111</FIELD_ID><VERSION>0001</VERSION><EVENT>press</EVENT><SEQNR>00006</SEQNR><TEXT>        dia.close();</TEXT></_-NEPTUNE_-_EVTSCR><_-NEPTUNE_-_EVTSCR><APPLID>ZUI_NAD_MDM_ADDRESS</APPLID><FIELD_ID>00111</FIELD_ID><VERSION>0001</VERSION><EVENT>press</EVENT><SEQNR>00007</SEQNR><TEXT>    }</TEXT></_-NEPTUNE_-_EVTSCR><_-NEPTUNE_-_EVTSCR><APPLID>ZUI_NAD_MDM_ADDRESS</APPLID><FIELD_ID>00111</FIELD_ID><VERSION>0001</VERSION><EVENT>press</EVENT><SEQNR>00008</SEQNR><TEXT>}</TEXT></_-NEPTUNE_-_EVTSCR></IT_EVENT_SCRIPT><IT_MODEL><_-NEPTUNE_-_MODEL><APPLID>ZUI_NAD_MDM_ADDRESS</APPLID><FIELD_ID>00007</FIELD_ID><VERSION>0001</VERSION><MODEL_ID>00004</MODEL_ID><MODEL>oPageStart</MODEL><SEND/><RECEIVE>X</RECEIVE></_-NEPTUNE_-_MODEL><_-NEPTUNE_-_MODEL><APPLID>ZUI_NAD_MDM_ADDRESS</APPLID><FIELD_ID>00007</FIELD_ID><VERSION>0001</VERSION><MODEL_ID>00099</MODEL_ID><MODEL>tabCom</MODEL><SEND/><RECEIVE>X</RECEIVE></_-NEPTUNE_-_MODEL></IT_MODEL><IT_RT_TEMPLATES/><WA_CONTENT><APPLID/><FIELD_ID>00000</FIELD_ID><VERSION>0000</VERSION><FIELD_NAME/><FIELD_TYPE/><FIELD_LABEL/><FIELD_POS>00000</FIELD_POS><FIELD_PARENT>00000</FIELD_PARENT><DISABLED/><IS_CONTAINER/><ON_ENTER/><COMBO_TABLE/><COMBO_FIELD/><COMBO_LABEL/><COMBO_TECH/><EVENT_ID/><DESCR/><SH/><SH_KEY/><MEMORYID/><SEL_MULTIPLE/><CHART_FIELD_X/><CHART_FIELD_Y/><CHART_FIELD_DATA/><CHART_COUNT/><DEFAULT_VALUE/><DEFAULT_DATE>0000-00-00</DEFAULT_DATE><CALCULATE_DATE>0</CALCULATE_DATE><DATE_TODAY/><NAV_APPLID/><IS_VIEW/><FLAG1/><FLAG2/><CHART_FIELD_4/><CHART_FIELD_5/><FLAG3/><FLAG4/><FLAG5/><FLAG6/><FLAG7/><EXTEND_ID>00000</EXTEND_ID><EXTEND_TYPE/><ODATA_PATH/><APIID/><API_NAME/><OPERID/><OPER_NAME/><CUSTUI5_GUID/><AJAX_TYPE/></WA_CONTENT><WA_ATTRIBUTES><APPLID/><FIELD_ID>00000</FIELD_ID><VERSION>0000</VERSION><ATTRIBUTE/><GROUPING/><VALUE/><BINDING_PATH/><BINDING_TYPE/><BINDING_REF/><BIND_BUILD_ORIGIN/></WA_ATTRIBUTES><WA_HTML><APPLID/><FIELD_ID>00000</FIELD_ID><VERSION>0000</VERSION><SEQNR>00000</SEQNR><TEXT/></WA_HTML><WA_SCRIPT><APPLID/><FIELD_ID>00000</FIELD_ID><VERSION>0000</VERSION><SEQNR>00000</SEQNR><TEXT/></WA_SCRIPT><WA_TABLE_FIELDS><APPLID/><FIELD_ID>00000</FIELD_ID><VERSION>0000</VERSION><TABNAME/><KEYFIELD/><DOMNAME/><OUTPUTLEN>000000</OUTPUTLEN><DECIMALS>000000</DECIMALS><DATATYPE/><CONVEXIT/><REPTEXT/><FIELD_POS>000</FIELD_POS><VISIBLE/><REPTEXT_C/><PRE/><POST/></WA_TABLE_FIELDS><WA_ATTRIBUTES_CUSTOMER><APPLID/><FIELD_ID>00000</FIELD_ID><VERSION>0000</VERSION><VALUE/></WA_ATTRIBUTES_CUSTOMER><WA_FILTER><APPLID/><FIELD_ID>00000</FIELD_ID><VERSION>0000</VERSION><SEQNR>00000</SEQNR><SIGN/><OPTI/><LOW/><HIGH/></WA_FILTER><WA_CSS_DESKTOP><APPLID/><VERSION>0000</VERSION><SEQNR>00000</SEQNR><TEXT/></WA_CSS_DESKTOP><WA_CSS_MOBILE><APPLID/><VERSION>0000</VERSION><SEQNR>00000</SEQNR><TEXT/></WA_CSS_MOBILE><WA_CSS_TABLET><APPLID/><VERSION>0000</VERSION><SEQNR>00000</SEQNR><TEXT/></WA_CSS_TABLET><WA_LANGUAGE><APPLID/><FIELD_ID>00000</FIELD_ID><VERSION>0000</VERSION><LANGUAGE/><ATTRIBUTE/><FIELD_LABEL/></WA_LANGUAGE><WA_STYLE><APPLID/><FIELD_ID>00000</FIELD_ID><VERSION>0000</VERSION><STYLE/><VALUE/></WA_STYLE><WA_STYLE_CUSTOMER><APPLID/><FIELD_ID>00000</FIELD_ID><VERSION>0000</VERSION><VALUE/></WA_STYLE_CUSTOMER><WA_PLUGIN><APPLID/><VERSION>0000</VERSION><PLUGIN_ID/><SORTING>0</SORTING><NAME/></WA_PLUGIN><WA_MANIFEST><APPLID/><VERSION>0000</VERSION><SEQNR>00000</SEQNR><TEXT/></WA_MANIFEST><WA_BINDING><APPLID/><FIELD_ID>00000</FIELD_ID><VERSION>0000</VERSION><BIND_OBJECT/><BIND_TYPE/><BINDING/><CONVEXIT/><XSLT_ENABLE/><BINDING_ROOT_TYPE/><BINDING_ROOT_FIELD_ID>00000</BINDING_ROOT_FIELD_ID><BINDING_PATH/><BIND_BUILD_ORIGIN/></WA_BINDING><WA_EVENT_SCRIPT><APPLID/><FIELD_ID>00000</FIELD_ID><VERSION>0000</VERSION><EVENT/><SEQNR>00000</SEQNR><TEXT/></WA_EVENT_SCRIPT><WA_MODEL><APPLID/><FIELD_ID>00000</FIELD_ID><VERSION>0000</VERSION><MODEL_ID>00000</MODEL_ID><MODEL/><SEND/><RECEIVE/></WA_MODEL><WA_RT_TEMPLATES><MANDT/><APPLID/><FIELD_ID>00000</FIELD_ID><GUID/><VERSION>0000</VERSION></WA_RT_TEMPLATES></PROJECT></asx:values></asx:abap>