<?xml version="1.0" encoding="utf-8"?><asx:abap version="1.0" xmlns:asx="http://www.sap.com/abapxml"><asx:values><PROJECT><APPLICATION><APPLID>ZUI_NAD_MDM_USER_INFO</APPLID><VERSION>0001</VERSION><APP_TYPE>A</APP_TYPE><CLSNAME>ZCL_NAD_MDM_USER_INFO</CLSNAME><TITLE>User Business Card</TITLE><CREDAT>2016-03-19</CREDAT><CRETIM>17:14:23</CRETIM><CRENAM>OAH</CRENAM><UPDDAT>2017-04-21</UPDDAT><UPDTIM>13:41:53</UPDTIM><UPDNAM>NOR</UPDNAM><DESCR>User Business Card</DESCR><DESCR_MC>USER BUSINESS CARD</DESCR_MC><THEME_JQUERY/><TAG_BODY/><USE_MANIFEST/><USE_CSS_DESKTOP/><USE_CSS_TABLET/><USE_CSS_PHONE/><AUTH_OBJECT/><SH_FILTER/><SH_INSET/><SH_DIVIDER_THEME/><SH_LIST_THEME/><STATEFUL/><CONTENT_TYPE/><LIBRARY>5</LIBRARY><ADDON_MOBI/><ADDON_RGRAPH/><AS_FILE/><ADDON_FONTAW/><UI5_M>X</UI5_M><UI5_ME/><UI5_COMMONS/><UI5_UX3/><UI5_VIZ/><UI5_TABLE/><UI5_SUITE/><UI5_LANGUAGE/><INLINE_CSS/><DISABLED/><UI5_SUITE_UI/><ICFNODE/><UI5_UXAP/><RFCDEST/><RFCDEST_EXIT_CLS/><UI5_MULTIMODEL/><UI5_TNT/><DEVCLASS/><APPLID_BASE/><SAPUI5_VERSION/><UI5_COMP/><UI5_F/><NO_APP_DESTROY/><USE_DEPRECATED/><TR_ORDER>NAIK995400</TR_ORDER><BASE_HEADER/><BASE_CSS/><BASE_SCRIPT/><DISABLE_SAME_ORI/><UI5_INTEGRATION/><DEDICATED_CDN/><DISABLE_CACHE/><DISABLE_CACHE_FR/><ONLY_LAUNCHPAD/><COMPRESS_PAYLOAD/></APPLICATION><VERSION><APPLID>ZUI_NAD_MDM_USER_INFO</APPLID><VERSION>0001</VERSION><APP_TYPE>A</APP_TYPE><TITLE>User Business Card</TITLE><CREDAT>2016-03-19</CREDAT><CRETIM>17:14:23</CRETIM><CRENAM>OAH</CRENAM><UPDDAT>2017-04-21</UPDDAT><UPDTIM>13:41:53</UPDTIM><UPDNAM>NOR</UPDNAM><DESCR>User Business Card</DESCR><DESCR_MC>USER BUSINESS CARD</DESCR_MC><STATUS>Active</STATUS></VERSION><IT_CONTENT><_-NEPTUNE_-_OBJ><APPLID>ZUI_NAD_MDM_USER_INFO</APPLID><FIELD_ID>00001</FIELD_ID><VERSION>0001</VERSION><FIELD_NAME>HTML5 Document</FIELD_NAME><FIELD_TYPE>HTML5 DOC</FIELD_TYPE><FIELD_LABEL/><FIELD_POS>00001</FIELD_POS><FIELD_PARENT>00000</FIELD_PARENT><DISABLED/><IS_CONTAINER>X</IS_CONTAINER><ON_ENTER/><COMBO_TABLE/><COMBO_FIELD/><COMBO_LABEL/><COMBO_TECH/><EVENT_ID/><DESCR/><SH/><SH_KEY/><MEMORYID/><SEL_MULTIPLE/><CHART_FIELD_X/><CHART_FIELD_Y/><CHART_FIELD_DATA/><CHART_COUNT/><DEFAULT_VALUE/><DEFAULT_DATE>0000-00-00</DEFAULT_DATE><CALCULATE_DATE>0</CALCULATE_DATE><DATE_TODAY/><NAV_APPLID/><IS_VIEW>X</IS_VIEW><FLAG1/><FLAG2/><CHART_FIELD_4/><CHART_FIELD_5/><FLAG3/><FLAG4/><FLAG5/><FLAG6/><FLAG7/><EXTEND_ID>00000</EXTEND_ID><EXTEND_TYPE/><ODATA_PATH/><APIID/><API_NAME/><OPERID/><OPER_NAME/><CUSTUI5_GUID/><AJAX_TYPE/></_-NEPTUNE_-_OBJ><_-NEPTUNE_-_OBJ><APPLID>ZUI_NAD_MDM_USER_INFO</APPLID><FIELD_ID>00021</FIELD_ID><VERSION>0001</VERSION><FIELD_NAME>oShell</FIELD_NAME><FIELD_TYPE>UM5_SHELL</FIELD_TYPE><FIELD_LABEL/><FIELD_POS>00002</FIELD_POS><FIELD_PARENT>00001</FIELD_PARENT><DISABLED/><IS_CONTAINER>X</IS_CONTAINER><ON_ENTER/><COMBO_TABLE/><COMBO_FIELD/><COMBO_LABEL/><COMBO_TECH/><EVENT_ID/><DESCR/><SH/><SH_KEY/><MEMORYID/><SEL_MULTIPLE/><CHART_FIELD_X/><CHART_FIELD_Y/><CHART_FIELD_DATA/><CHART_COUNT/><DEFAULT_VALUE/><DEFAULT_DATE>0000-00-00</DEFAULT_DATE><CALCULATE_DATE>0</CALCULATE_DATE><DATE_TODAY/><NAV_APPLID/><IS_VIEW/><FLAG1/><FLAG2/><CHART_FIELD_4/><CHART_FIELD_5/><FLAG3/><FLAG4/><FLAG5/><FLAG6/><FLAG7/><EXTEND_ID>00000</EXTEND_ID><EXTEND_TYPE/><ODATA_PATH/><APIID/><API_NAME/><OPERID/><OPER_NAME/><CUSTUI5_GUID/><AJAX_TYPE/></_-NEPTUNE_-_OBJ><_-NEPTUNE_-_OBJ><APPLID>ZUI_NAD_MDM_USER_INFO</APPLID><FIELD_ID>00002</FIELD_ID><VERSION>0001</VERSION><FIELD_NAME>oApp</FIELD_NAME><FIELD_TYPE>UM5_APP</FIELD_TYPE><FIELD_LABEL/><FIELD_POS>00003</FIELD_POS><FIELD_PARENT>00021</FIELD_PARENT><DISABLED/><IS_CONTAINER>X</IS_CONTAINER><ON_ENTER/><COMBO_TABLE/><COMBO_FIELD/><COMBO_LABEL/><COMBO_TECH/><EVENT_ID/><DESCR/><SH/><SH_KEY/><MEMORYID/><SEL_MULTIPLE/><CHART_FIELD_X/><CHART_FIELD_Y/><CHART_FIELD_DATA/><CHART_COUNT/><DEFAULT_VALUE/><DEFAULT_DATE>0000-00-00</DEFAULT_DATE><CALCULATE_DATE>0</CALCULATE_DATE><DATE_TODAY/><NAV_APPLID/><IS_VIEW/><FLAG1/><FLAG2/><CHART_FIELD_4/><CHART_FIELD_5/><FLAG3/><FLAG4/><FLAG5/><FLAG6/><FLAG7/><EXTEND_ID>00000</EXTEND_ID><EXTEND_TYPE/><ODATA_PATH/><APIID/><API_NAME/><OPERID/><OPER_NAME/><CUSTUI5_GUID/><AJAX_TYPE/></_-NEPTUNE_-_OBJ><_-NEPTUNE_-_OBJ><APPLID>ZUI_NAD_MDM_USER_INFO</APPLID><FIELD_ID>00022</FIELD_ID><VERSION>0001</VERSION><FIELD_NAME>Resources</FIELD_NAME><FIELD_TYPE>RESOURCES</FIELD_TYPE><FIELD_LABEL/><FIELD_POS>00003</FIELD_POS><FIELD_PARENT>00000</FIELD_PARENT><DISABLED/><IS_CONTAINER>X</IS_CONTAINER><ON_ENTER/><COMBO_TABLE/><COMBO_FIELD/><COMBO_LABEL/><COMBO_TECH/><EVENT_ID/><DESCR/><SH/><SH_KEY/><MEMORYID/><SEL_MULTIPLE/><CHART_FIELD_X/><CHART_FIELD_Y/><CHART_FIELD_DATA/><CHART_COUNT/><DEFAULT_VALUE/><DEFAULT_DATE>0000-00-00</DEFAULT_DATE><CALCULATE_DATE>0</CALCULATE_DATE><DATE_TODAY/><NAV_APPLID/><IS_VIEW>X</IS_VIEW><FLAG1/><FLAG2/><CHART_FIELD_4/><CHART_FIELD_5/><FLAG3/><FLAG4/><FLAG5/><FLAG6/><FLAG7/><EXTEND_ID>00000</EXTEND_ID><EXTEND_TYPE/><ODATA_PATH/><APIID/><API_NAME/><OPERID/><OPER_NAME/><CUSTUI5_GUID/><AJAX_TYPE/></_-NEPTUNE_-_OBJ><_-NEPTUNE_-_OBJ><APPLID>ZUI_NAD_MDM_USER_INFO</APPLID><FIELD_ID>00003</FIELD_ID><VERSION>0001</VERSION><FIELD_NAME>oPageStart</FIELD_NAME><FIELD_TYPE>UM5_PAGE</FIELD_TYPE><FIELD_LABEL/><FIELD_POS>00004</FIELD_POS><FIELD_PARENT>00002</FIELD_PARENT><DISABLED/><IS_CONTAINER>X</IS_CONTAINER><ON_ENTER/><COMBO_TABLE/><COMBO_FIELD/><COMBO_LABEL/><COMBO_TECH/><EVENT_ID/><DESCR/><SH/><SH_KEY/><MEMORYID/><SEL_MULTIPLE/><CHART_FIELD_X/><CHART_FIELD_Y/><CHART_FIELD_DATA/><CHART_COUNT/><DEFAULT_VALUE/><DEFAULT_DATE>0000-00-00</DEFAULT_DATE><CALCULATE_DATE>0</CALCULATE_DATE><DATE_TODAY/><NAV_APPLID/><IS_VIEW/><FLAG1/><FLAG2/><CHART_FIELD_4/><CHART_FIELD_5/><FLAG3/><FLAG4/><FLAG5/><FLAG6/><FLAG7/><EXTEND_ID>00000</EXTEND_ID><EXTEND_TYPE/><ODATA_PATH/><APIID/><API_NAME/><OPERID/><OPER_NAME/><CUSTUI5_GUID/><AJAX_TYPE/></_-NEPTUNE_-_OBJ><_-NEPTUNE_-_OBJ><APPLID>ZUI_NAD_MDM_USER_INFO</APPLID><FIELD_ID>00005</FIELD_ID><VERSION>0001</VERSION><FIELD_NAME>oPageHidden</FIELD_NAME><FIELD_TYPE>UM5_PAGE</FIELD_TYPE><FIELD_LABEL/><FIELD_POS>00005</FIELD_POS><FIELD_PARENT>00002</FIELD_PARENT><DISABLED/><IS_CONTAINER>X</IS_CONTAINER><ON_ENTER/><COMBO_TABLE/><COMBO_FIELD/><COMBO_LABEL/><COMBO_TECH/><EVENT_ID/><DESCR/><SH/><SH_KEY/><MEMORYID/><SEL_MULTIPLE/><CHART_FIELD_X/><CHART_FIELD_Y/><CHART_FIELD_DATA/><CHART_COUNT/><DEFAULT_VALUE/><DEFAULT_DATE>0000-00-00</DEFAULT_DATE><CALCULATE_DATE>0</CALCULATE_DATE><DATE_TODAY/><NAV_APPLID/><IS_VIEW/><FLAG1/><FLAG2/><CHART_FIELD_4/><CHART_FIELD_5/><FLAG3/><FLAG4/><FLAG5/><FLAG6/><FLAG7/><EXTEND_ID>00000</EXTEND_ID><EXTEND_TYPE/><ODATA_PATH/><APIID/><API_NAME/><OPERID/><OPER_NAME/><CUSTUI5_GUID/><AJAX_TYPE/></_-NEPTUNE_-_OBJ><_-NEPTUNE_-_OBJ><APPLID>ZUI_NAD_MDM_USER_INFO</APPLID><FIELD_ID>00016</FIELD_ID><VERSION>0001</VERSION><FIELD_NAME>panStart</FIELD_NAME><FIELD_TYPE>UM5_PANEL</FIELD_TYPE><FIELD_LABEL/><FIELD_POS>00006</FIELD_POS><FIELD_PARENT>00003</FIELD_PARENT><DISABLED/><IS_CONTAINER>X</IS_CONTAINER><ON_ENTER/><COMBO_TABLE/><COMBO_FIELD/><COMBO_LABEL/><COMBO_TECH/><EVENT_ID/><DESCR/><SH/><SH_KEY/><MEMORYID/><SEL_MULTIPLE/><CHART_FIELD_X/><CHART_FIELD_Y/><CHART_FIELD_DATA/><CHART_COUNT/><DEFAULT_VALUE/><DEFAULT_DATE>0000-00-00</DEFAULT_DATE><CALCULATE_DATE>0</CALCULATE_DATE><DATE_TODAY/><NAV_APPLID/><IS_VIEW/><FLAG1/><FLAG2/><CHART_FIELD_4/><CHART_FIELD_5/><FLAG3/><FLAG4/><FLAG5/><FLAG6/><FLAG7/><EXTEND_ID>00000</EXTEND_ID><EXTEND_TYPE/><ODATA_PATH/><APIID/><API_NAME/><OPERID/><OPER_NAME/><CUSTUI5_GUID/><AJAX_TYPE/></_-NEPTUNE_-_OBJ><_-NEPTUNE_-_OBJ><APPLID>ZUI_NAD_MDM_USER_INFO</APPLID><FIELD_ID>00017</FIELD_ID><VERSION>0001</VERSION><FIELD_NAME>footer</FIELD_NAME><FIELD_TYPE>UM5_BAR</FIELD_TYPE><FIELD_LABEL/><FIELD_POS>00007</FIELD_POS><FIELD_PARENT>00003</FIELD_PARENT><DISABLED/><IS_CONTAINER>X</IS_CONTAINER><ON_ENTER/><COMBO_TABLE/><COMBO_FIELD/><COMBO_LABEL/><COMBO_TECH/><EVENT_ID/><DESCR/><SH/><SH_KEY/><MEMORYID/><SEL_MULTIPLE/><CHART_FIELD_X/><CHART_FIELD_Y/><CHART_FIELD_DATA/><CHART_COUNT/><DEFAULT_VALUE/><DEFAULT_DATE>0000-00-00</DEFAULT_DATE><CALCULATE_DATE>0</CALCULATE_DATE><DATE_TODAY/><NAV_APPLID/><IS_VIEW/><FLAG1/><FLAG2/><CHART_FIELD_4/><CHART_FIELD_5/><FLAG3/><FLAG4/><FLAG5/><FLAG6/><FLAG7/><EXTEND_ID>00000</EXTEND_ID><EXTEND_TYPE/><ODATA_PATH/><APIID/><API_NAME/><OPERID/><OPER_NAME/><CUSTUI5_GUID/><AJAX_TYPE/></_-NEPTUNE_-_OBJ><_-NEPTUNE_-_OBJ><APPLID>ZUI_NAD_MDM_USER_INFO</APPLID><FIELD_ID>00007</FIELD_ID><VERSION>0001</VERSION><FIELD_NAME>Detail</FIELD_NAME><FIELD_TYPE>UM5_AJAX</FIELD_TYPE><FIELD_LABEL/><FIELD_POS>00008</FIELD_POS><FIELD_PARENT>00005</FIELD_PARENT><DISABLED/><IS_CONTAINER/><ON_ENTER/><COMBO_TABLE/><COMBO_FIELD/><COMBO_LABEL/><COMBO_TECH/><EVENT_ID>GET_DETAIL</EVENT_ID><DESCR/><SH/><SH_KEY/><MEMORYID/><SEL_MULTIPLE/><CHART_FIELD_X/><CHART_FIELD_Y/><CHART_FIELD_DATA/><CHART_COUNT/><DEFAULT_VALUE/><DEFAULT_DATE>0000-00-00</DEFAULT_DATE><CALCULATE_DATE>0</CALCULATE_DATE><DATE_TODAY/><NAV_APPLID/><IS_VIEW/><FLAG1/><FLAG2/><CHART_FIELD_4/><CHART_FIELD_5/><FLAG3/><FLAG4/><FLAG5/><FLAG6/><FLAG7/><EXTEND_ID>00000</EXTEND_ID><EXTEND_TYPE/><ODATA_PATH/><APIID/><API_NAME/><OPERID/><OPER_NAME/><CUSTUI5_GUID/><AJAX_TYPE/></_-NEPTUNE_-_OBJ><_-NEPTUNE_-_OBJ><APPLID>ZUI_NAD_MDM_USER_INFO</APPLID><FIELD_ID>00006</FIELD_ID><VERSION>0001</VERSION><FIELD_NAME>Init</FIELD_NAME><FIELD_TYPE>SCRIPT</FIELD_TYPE><FIELD_LABEL/><FIELD_POS>00009</FIELD_POS><FIELD_PARENT>00005</FIELD_PARENT><DISABLED/><IS_CONTAINER/><ON_ENTER/><COMBO_TABLE/><COMBO_FIELD/><COMBO_LABEL/><COMBO_TECH/><EVENT_ID/><DESCR/><SH/><SH_KEY/><MEMORYID/><SEL_MULTIPLE/><CHART_FIELD_X/><CHART_FIELD_Y/><CHART_FIELD_DATA/><CHART_COUNT/><DEFAULT_VALUE/><DEFAULT_DATE>0000-00-00</DEFAULT_DATE><CALCULATE_DATE>0</CALCULATE_DATE><DATE_TODAY/><NAV_APPLID/><IS_VIEW/><FLAG1/><FLAG2/><CHART_FIELD_4/><CHART_FIELD_5/><FLAG3/><FLAG4/><FLAG5/><FLAG6/><FLAG7/><EXTEND_ID>00000</EXTEND_ID><EXTEND_TYPE/><ODATA_PATH/><APIID/><API_NAME/><OPERID/><OPER_NAME/><CUSTUI5_GUID/><AJAX_TYPE/></_-NEPTUNE_-_OBJ><_-NEPTUNE_-_OBJ><APPLID>ZUI_NAD_MDM_USER_INFO</APPLID><FIELD_ID>00008</FIELD_ID><VERSION>0001</VERSION><FIELD_NAME>oPageEmployee</FIELD_NAME><FIELD_TYPE>UM5_QUICKP</FIELD_TYPE><FIELD_LABEL/><FIELD_POS>00010</FIELD_POS><FIELD_PARENT>00016</FIELD_PARENT><DISABLED/><IS_CONTAINER>X</IS_CONTAINER><ON_ENTER/><COMBO_TABLE/><COMBO_FIELD/><COMBO_LABEL/><COMBO_TECH/><EVENT_ID/><DESCR/><SH/><SH_KEY/><MEMORYID/><SEL_MULTIPLE/><CHART_FIELD_X/><CHART_FIELD_Y/><CHART_FIELD_DATA/><CHART_COUNT/><DEFAULT_VALUE/><DEFAULT_DATE>0000-00-00</DEFAULT_DATE><CALCULATE_DATE>0</CALCULATE_DATE><DATE_TODAY/><NAV_APPLID/><IS_VIEW/><FLAG1/><FLAG2/><CHART_FIELD_4/><CHART_FIELD_5/><FLAG3/><FLAG4/><FLAG5/><FLAG6/><FLAG7/><EXTEND_ID>00000</EXTEND_ID><EXTEND_TYPE/><ODATA_PATH/><APIID/><API_NAME/><OPERID/><OPER_NAME/><CUSTUI5_GUID/><AJAX_TYPE/></_-NEPTUNE_-_OBJ><_-NEPTUNE_-_OBJ><APPLID>ZUI_NAD_MDM_USER_INFO</APPLID><FIELD_ID>00018</FIELD_ID><VERSION>0001</VERSION><FIELD_NAME>Right</FIELD_NAME><FIELD_TYPE>UM5_BARCON</FIELD_TYPE><FIELD_LABEL/><FIELD_POS>00011</FIELD_POS><FIELD_PARENT>00017</FIELD_PARENT><DISABLED/><IS_CONTAINER>X</IS_CONTAINER><ON_ENTER/><COMBO_TABLE/><COMBO_FIELD/><COMBO_LABEL/><COMBO_TECH/><EVENT_ID/><DESCR/><SH/><SH_KEY/><MEMORYID/><SEL_MULTIPLE/><CHART_FIELD_X/><CHART_FIELD_Y/><CHART_FIELD_DATA/><CHART_COUNT/><DEFAULT_VALUE/><DEFAULT_DATE>0000-00-00</DEFAULT_DATE><CALCULATE_DATE>0</CALCULATE_DATE><DATE_TODAY/><NAV_APPLID/><IS_VIEW/><FLAG1/><FLAG2/><CHART_FIELD_4/><CHART_FIELD_5/><FLAG3/><FLAG4/><FLAG5/><FLAG6/><FLAG7/><EXTEND_ID>00000</EXTEND_ID><EXTEND_TYPE/><ODATA_PATH/><APIID/><API_NAME/><OPERID/><OPER_NAME/><CUSTUI5_GUID/><AJAX_TYPE/></_-NEPTUNE_-_OBJ><_-NEPTUNE_-_OBJ><APPLID>ZUI_NAD_MDM_USER_INFO</APPLID><FIELD_ID>00009</FIELD_ID><VERSION>0001</VERSION><FIELD_NAME>viewEmployeeGroup1</FIELD_NAME><FIELD_TYPE>UM5_QUICKG</FIELD_TYPE><FIELD_LABEL/><FIELD_POS>00012</FIELD_POS><FIELD_PARENT>00008</FIELD_PARENT><DISABLED/><IS_CONTAINER>X</IS_CONTAINER><ON_ENTER/><COMBO_TABLE/><COMBO_FIELD/><COMBO_LABEL/><COMBO_TECH/><EVENT_ID/><DESCR/><SH/><SH_KEY/><MEMORYID/><SEL_MULTIPLE/><CHART_FIELD_X/><CHART_FIELD_Y/><CHART_FIELD_DATA/><CHART_COUNT/><DEFAULT_VALUE/><DEFAULT_DATE>0000-00-00</DEFAULT_DATE><CALCULATE_DATE>0</CALCULATE_DATE><DATE_TODAY/><NAV_APPLID/><IS_VIEW/><FLAG1/><FLAG2/><CHART_FIELD_4/><CHART_FIELD_5/><FLAG3/><FLAG4/><FLAG5/><FLAG6/><FLAG7/><EXTEND_ID>00000</EXTEND_ID><EXTEND_TYPE/><ODATA_PATH/><APIID/><API_NAME/><OPERID/><OPER_NAME/><CUSTUI5_GUID/><AJAX_TYPE/></_-NEPTUNE_-_OBJ><_-NEPTUNE_-_OBJ><APPLID>ZUI_NAD_MDM_USER_INFO</APPLID><FIELD_ID>00010</FIELD_ID><VERSION>0001</VERSION><FIELD_NAME>viewEmployeeGroup2</FIELD_NAME><FIELD_TYPE>UM5_QUICKG</FIELD_TYPE><FIELD_LABEL/><FIELD_POS>00013</FIELD_POS><FIELD_PARENT>00008</FIELD_PARENT><DISABLED/><IS_CONTAINER>X</IS_CONTAINER><ON_ENTER/><COMBO_TABLE/><COMBO_FIELD/><COMBO_LABEL/><COMBO_TECH/><EVENT_ID/><DESCR/><SH/><SH_KEY/><MEMORYID/><SEL_MULTIPLE/><CHART_FIELD_X/><CHART_FIELD_Y/><CHART_FIELD_DATA/><CHART_COUNT/><DEFAULT_VALUE/><DEFAULT_DATE>0000-00-00</DEFAULT_DATE><CALCULATE_DATE>0</CALCULATE_DATE><DATE_TODAY/><NAV_APPLID/><IS_VIEW/><FLAG1/><FLAG2/><CHART_FIELD_4/><CHART_FIELD_5/><FLAG3/><FLAG4/><FLAG5/><FLAG6/><FLAG7/><EXTEND_ID>00000</EXTEND_ID><EXTEND_TYPE/><ODATA_PATH/><APIID/><API_NAME/><OPERID/><OPER_NAME/><CUSTUI5_GUID/><AJAX_TYPE/></_-NEPTUNE_-_OBJ><_-NEPTUNE_-_OBJ><APPLID>ZUI_NAD_MDM_USER_INFO</APPLID><FIELD_ID>00020</FIELD_ID><VERSION>0001</VERSION><FIELD_NAME>butClose</FIELD_NAME><FIELD_TYPE>UM5_BUTTON</FIELD_TYPE><FIELD_LABEL/><FIELD_POS>00014</FIELD_POS><FIELD_PARENT>00018</FIELD_PARENT><DISABLED/><IS_CONTAINER/><ON_ENTER/><COMBO_TABLE/><COMBO_FIELD/><COMBO_LABEL/><COMBO_TECH/><EVENT_ID/><DESCR/><SH/><SH_KEY/><MEMORYID/><SEL_MULTIPLE/><CHART_FIELD_X/><CHART_FIELD_Y/><CHART_FIELD_DATA/><CHART_COUNT/><DEFAULT_VALUE/><DEFAULT_DATE>0000-00-00</DEFAULT_DATE><CALCULATE_DATE>0</CALCULATE_DATE><DATE_TODAY/><NAV_APPLID/><IS_VIEW/><FLAG1/><FLAG2/><CHART_FIELD_4/><CHART_FIELD_5/><FLAG3/><FLAG4/><FLAG5/><FLAG6/><FLAG7/><EXTEND_ID>00000</EXTEND_ID><EXTEND_TYPE/><ODATA_PATH/><APIID/><API_NAME/><OPERID/><OPER_NAME/><CUSTUI5_GUID/><AJAX_TYPE/></_-NEPTUNE_-_OBJ><_-NEPTUNE_-_OBJ><APPLID>ZUI_NAD_MDM_USER_INFO</APPLID><FIELD_ID>00013</FIELD_ID><VERSION>0001</VERSION><FIELD_NAME>viewEmployeeGroupMobile</FIELD_NAME><FIELD_TYPE>UM5_QUICKE</FIELD_TYPE><FIELD_LABEL/><FIELD_POS>00015</FIELD_POS><FIELD_PARENT>00009</FIELD_PARENT><DISABLED/><IS_CONTAINER>X</IS_CONTAINER><ON_ENTER/><COMBO_TABLE/><COMBO_FIELD/><COMBO_LABEL/><COMBO_TECH/><EVENT_ID/><DESCR/><SH/><SH_KEY/><MEMORYID/><SEL_MULTIPLE/><CHART_FIELD_X/><CHART_FIELD_Y/><CHART_FIELD_DATA/><CHART_COUNT/><DEFAULT_VALUE/><DEFAULT_DATE>0000-00-00</DEFAULT_DATE><CALCULATE_DATE>0</CALCULATE_DATE><DATE_TODAY/><NAV_APPLID/><IS_VIEW/><FLAG1/><FLAG2/><CHART_FIELD_4/><CHART_FIELD_5/><FLAG3/><FLAG4/><FLAG5/><FLAG6/><FLAG7/><EXTEND_ID>00000</EXTEND_ID><EXTEND_TYPE/><ODATA_PATH/><APIID/><API_NAME/><OPERID/><OPER_NAME/><CUSTUI5_GUID/><AJAX_TYPE/></_-NEPTUNE_-_OBJ><_-NEPTUNE_-_OBJ><APPLID>ZUI_NAD_MDM_USER_INFO</APPLID><FIELD_ID>00014</FIELD_ID><VERSION>0001</VERSION><FIELD_NAME>viewEmployeeGroupPhone</FIELD_NAME><FIELD_TYPE>UM5_QUICKE</FIELD_TYPE><FIELD_LABEL/><FIELD_POS>00016</FIELD_POS><FIELD_PARENT>00009</FIELD_PARENT><DISABLED/><IS_CONTAINER>X</IS_CONTAINER><ON_ENTER/><COMBO_TABLE/><COMBO_FIELD/><COMBO_LABEL/><COMBO_TECH/><EVENT_ID/><DESCR/><SH/><SH_KEY/><MEMORYID/><SEL_MULTIPLE/><CHART_FIELD_X/><CHART_FIELD_Y/><CHART_FIELD_DATA/><CHART_COUNT/><DEFAULT_VALUE/><DEFAULT_DATE>0000-00-00</DEFAULT_DATE><CALCULATE_DATE>0</CALCULATE_DATE><DATE_TODAY/><NAV_APPLID/><IS_VIEW/><FLAG1/><FLAG2/><CHART_FIELD_4/><CHART_FIELD_5/><FLAG3/><FLAG4/><FLAG5/><FLAG6/><FLAG7/><EXTEND_ID>00000</EXTEND_ID><EXTEND_TYPE/><ODATA_PATH/><APIID/><API_NAME/><OPERID/><OPER_NAME/><CUSTUI5_GUID/><AJAX_TYPE/></_-NEPTUNE_-_OBJ><_-NEPTUNE_-_OBJ><APPLID>ZUI_NAD_MDM_USER_INFO</APPLID><FIELD_ID>00015</FIELD_ID><VERSION>0001</VERSION><FIELD_NAME>viewEmployeeGroupEmail</FIELD_NAME><FIELD_TYPE>UM5_QUICKE</FIELD_TYPE><FIELD_LABEL/><FIELD_POS>00017</FIELD_POS><FIELD_PARENT>00009</FIELD_PARENT><DISABLED/><IS_CONTAINER>X</IS_CONTAINER><ON_ENTER/><COMBO_TABLE/><COMBO_FIELD/><COMBO_LABEL/><COMBO_TECH/><EVENT_ID/><DESCR/><SH/><SH_KEY/><MEMORYID/><SEL_MULTIPLE/><CHART_FIELD_X/><CHART_FIELD_Y/><CHART_FIELD_DATA/><CHART_COUNT/><DEFAULT_VALUE/><DEFAULT_DATE>0000-00-00</DEFAULT_DATE><CALCULATE_DATE>0</CALCULATE_DATE><DATE_TODAY/><NAV_APPLID/><IS_VIEW/><FLAG1/><FLAG2/><CHART_FIELD_4/><CHART_FIELD_5/><FLAG3/><FLAG4/><FLAG5/><FLAG6/><FLAG7/><EXTEND_ID>00000</EXTEND_ID><EXTEND_TYPE/><ODATA_PATH/><APIID/><API_NAME/><OPERID/><OPER_NAME/><CUSTUI5_GUID/><AJAX_TYPE/></_-NEPTUNE_-_OBJ><_-NEPTUNE_-_OBJ><APPLID>ZUI_NAD_MDM_USER_INFO</APPLID><FIELD_ID>00011</FIELD_ID><VERSION>0001</VERSION><FIELD_NAME>viewEmployeeGroupName</FIELD_NAME><FIELD_TYPE>UM5_QUICKE</FIELD_TYPE><FIELD_LABEL/><FIELD_POS>00018</FIELD_POS><FIELD_PARENT>00010</FIELD_PARENT><DISABLED/><IS_CONTAINER>X</IS_CONTAINER><ON_ENTER/><COMBO_TABLE/><COMBO_FIELD/><COMBO_LABEL/><COMBO_TECH/><EVENT_ID/><DESCR/><SH/><SH_KEY/><MEMORYID/><SEL_MULTIPLE/><CHART_FIELD_X/><CHART_FIELD_Y/><CHART_FIELD_DATA/><CHART_COUNT/><DEFAULT_VALUE/><DEFAULT_DATE>0000-00-00</DEFAULT_DATE><CALCULATE_DATE>0</CALCULATE_DATE><DATE_TODAY/><NAV_APPLID/><IS_VIEW/><FLAG1/><FLAG2/><CHART_FIELD_4/><CHART_FIELD_5/><FLAG3/><FLAG4/><FLAG5/><FLAG6/><FLAG7/><EXTEND_ID>00000</EXTEND_ID><EXTEND_TYPE/><ODATA_PATH/><APIID/><API_NAME/><OPERID/><OPER_NAME/><CUSTUI5_GUID/><AJAX_TYPE/></_-NEPTUNE_-_OBJ><_-NEPTUNE_-_OBJ><APPLID>ZUI_NAD_MDM_USER_INFO</APPLID><FIELD_ID>00012</FIELD_ID><VERSION>0001</VERSION><FIELD_NAME>viewEmployeeGroupAddress</FIELD_NAME><FIELD_TYPE>UM5_QUICKE</FIELD_TYPE><FIELD_LABEL/><FIELD_POS>00019</FIELD_POS><FIELD_PARENT>00010</FIELD_PARENT><DISABLED/><IS_CONTAINER>X</IS_CONTAINER><ON_ENTER/><COMBO_TABLE/><COMBO_FIELD/><COMBO_LABEL/><COMBO_TECH/><EVENT_ID/><DESCR/><SH/><SH_KEY/><MEMORYID/><SEL_MULTIPLE/><CHART_FIELD_X/><CHART_FIELD_Y/><CHART_FIELD_DATA/><CHART_COUNT/><DEFAULT_VALUE/><DEFAULT_DATE>0000-00-00</DEFAULT_DATE><CALCULATE_DATE>0</CALCULATE_DATE><DATE_TODAY/><NAV_APPLID/><IS_VIEW/><FLAG1/><FLAG2/><CHART_FIELD_4/><CHART_FIELD_5/><FLAG3/><FLAG4/><FLAG5/><FLAG6/><FLAG7/><EXTEND_ID>00000</EXTEND_ID><EXTEND_TYPE/><ODATA_PATH/><APIID/><API_NAME/><OPERID/><OPER_NAME/><CUSTUI5_GUID/><AJAX_TYPE/></_-NEPTUNE_-_OBJ></IT_CONTENT><IT_ATTRIBUTES><_-NEPTUNE_-_OBJ_AT><APPLID>ZUI_NAD_MDM_USER_INFO</APPLID><FIELD_ID>00002</FIELD_ID><VERSION>0001</VERSION><ATTRIBUTE>backgroundOpacity</ATTRIBUTE><GROUPING>Properties</GROUPING><VALUE>1</VALUE><BINDING_PATH/><BINDING_TYPE/><BINDING_REF/><BIND_BUILD_ORIGIN/></_-NEPTUNE_-_OBJ_AT><_-NEPTUNE_-_OBJ_AT><APPLID>ZUI_NAD_MDM_USER_INFO</APPLID><FIELD_ID>00002</FIELD_ID><VERSION>0001</VERSION><ATTRIBUTE>backgroundRepeat</ATTRIBUTE><GROUPING>Properties</GROUPING><VALUE>false</VALUE><BINDING_PATH/><BINDING_TYPE/><BINDING_REF/><BIND_BUILD_ORIGIN/></_-NEPTUNE_-_OBJ_AT><_-NEPTUNE_-_OBJ_AT><APPLID>ZUI_NAD_MDM_USER_INFO</APPLID><FIELD_ID>00002</FIELD_ID><VERSION>0001</VERSION><ATTRIBUTE>defaultTransitionName</ATTRIBUTE><GROUPING>Properties</GROUPING><VALUE>slide</VALUE><BINDING_PATH/><BINDING_TYPE/><BINDING_REF/><BIND_BUILD_ORIGIN/></_-NEPTUNE_-_OBJ_AT><_-NEPTUNE_-_OBJ_AT><APPLID>ZUI_NAD_MDM_USER_INFO</APPLID><FIELD_ID>00002</FIELD_ID><VERSION>0001</VERSION><ATTRIBUTE>height</ATTRIBUTE><GROUPING>Properties</GROUPING><VALUE>100%</VALUE><BINDING_PATH/><BINDING_TYPE/><BINDING_REF/><BIND_BUILD_ORIGIN/></_-NEPTUNE_-_OBJ_AT><_-NEPTUNE_-_OBJ_AT><APPLID>ZUI_NAD_MDM_USER_INFO</APPLID><FIELD_ID>00002</FIELD_ID><VERSION>0001</VERSION><ATTRIBUTE>visible</ATTRIBUTE><GROUPING>Properties</GROUPING><VALUE>true</VALUE><BINDING_PATH/><BINDING_TYPE/><BINDING_REF/><BIND_BUILD_ORIGIN/></_-NEPTUNE_-_OBJ_AT><_-NEPTUNE_-_OBJ_AT><APPLID>ZUI_NAD_MDM_USER_INFO</APPLID><FIELD_ID>00002</FIELD_ID><VERSION>0001</VERSION><ATTRIBUTE>width</ATTRIBUTE><GROUPING>Properties</GROUPING><VALUE>100%</VALUE><BINDING_PATH/><BINDING_TYPE/><BINDING_REF/><BIND_BUILD_ORIGIN/></_-NEPTUNE_-_OBJ_AT><_-NEPTUNE_-_OBJ_AT><APPLID>ZUI_NAD_MDM_USER_INFO</APPLID><FIELD_ID>00003</FIELD_ID><VERSION>0001</VERSION><ATTRIBUTE>backgroundDesign</ATTRIBUTE><GROUPING>Properties</GROUPING><VALUE>Solid</VALUE><BINDING_PATH/><BINDING_TYPE/><BINDING_REF/><BIND_BUILD_ORIGIN/></_-NEPTUNE_-_OBJ_AT><_-NEPTUNE_-_OBJ_AT><APPLID>ZUI_NAD_MDM_USER_INFO</APPLID><FIELD_ID>00003</FIELD_ID><VERSION>0001</VERSION><ATTRIBUTE>contentOnlyBusy</ATTRIBUTE><GROUPING>Properties</GROUPING><VALUE>false</VALUE><BINDING_PATH/><BINDING_TYPE/><BINDING_REF/><BIND_BUILD_ORIGIN/></_-NEPTUNE_-_OBJ_AT><_-NEPTUNE_-_OBJ_AT><APPLID>ZUI_NAD_MDM_USER_INFO</APPLID><FIELD_ID>00003</FIELD_ID><VERSION>0001</VERSION><ATTRIBUTE>enableScrolling</ATTRIBUTE><GROUPING>Properties</GROUPING><VALUE>true</VALUE><BINDING_PATH/><BINDING_TYPE/><BINDING_REF/><BIND_BUILD_ORIGIN/></_-NEPTUNE_-_OBJ_AT><_-NEPTUNE_-_OBJ_AT><APPLID>ZUI_NAD_MDM_USER_INFO</APPLID><FIELD_ID>00003</FIELD_ID><VERSION>0001</VERSION><ATTRIBUTE>showFooter</ATTRIBUTE><GROUPING>Properties</GROUPING><VALUE>true</VALUE><BINDING_PATH/><BINDING_TYPE/><BINDING_REF/><BIND_BUILD_ORIGIN/></_-NEPTUNE_-_OBJ_AT><_-NEPTUNE_-_OBJ_AT><APPLID>ZUI_NAD_MDM_USER_INFO</APPLID><FIELD_ID>00003</FIELD_ID><VERSION>0001</VERSION><ATTRIBUTE>showHeader</ATTRIBUTE><GROUPING>Properties</GROUPING><VALUE>false</VALUE><BINDING_PATH/><BINDING_TYPE/><BINDING_REF/><BIND_BUILD_ORIGIN/></_-NEPTUNE_-_OBJ_AT><_-NEPTUNE_-_OBJ_AT><APPLID>ZUI_NAD_MDM_USER_INFO</APPLID><FIELD_ID>00003</FIELD_ID><VERSION>0001</VERSION><ATTRIBUTE>showNavButton</ATTRIBUTE><GROUPING>Properties</GROUPING><VALUE>false</VALUE><BINDING_PATH/><BINDING_TYPE/><BINDING_REF/><BIND_BUILD_ORIGIN/></_-NEPTUNE_-_OBJ_AT><_-NEPTUNE_-_OBJ_AT><APPLID>ZUI_NAD_MDM_USER_INFO</APPLID><FIELD_ID>00003</FIELD_ID><VERSION>0001</VERSION><ATTRIBUTE>showSubHeader</ATTRIBUTE><GROUPING>Properties</GROUPING><VALUE>true</VALUE><BINDING_PATH/><BINDING_TYPE/><BINDING_REF/><BIND_BUILD_ORIGIN/></_-NEPTUNE_-_OBJ_AT><_-NEPTUNE_-_OBJ_AT><APPLID>ZUI_NAD_MDM_USER_INFO</APPLID><FIELD_ID>00003</FIELD_ID><VERSION>0001</VERSION><ATTRIBUTE>title</ATTRIBUTE><GROUPING>Properties</GROUPING><VALUE>{WA_USER_INFO-NAME}</VALUE><BINDING_PATH/><BINDING_TYPE/><BINDING_REF/><BIND_BUILD_ORIGIN/></_-NEPTUNE_-_OBJ_AT><_-NEPTUNE_-_OBJ_AT><APPLID>ZUI_NAD_MDM_USER_INFO</APPLID><FIELD_ID>00003</FIELD_ID><VERSION>0001</VERSION><ATTRIBUTE>visible</ATTRIBUTE><GROUPING>Properties</GROUPING><VALUE>true</VALUE><BINDING_PATH/><BINDING_TYPE/><BINDING_REF/><BIND_BUILD_ORIGIN/></_-NEPTUNE_-_OBJ_AT><_-NEPTUNE_-_OBJ_AT><APPLID>ZUI_NAD_MDM_USER_INFO</APPLID><FIELD_ID>00005</FIELD_ID><VERSION>0001</VERSION><ATTRIBUTE>backgroundDesign</ATTRIBUTE><GROUPING>Properties</GROUPING><VALUE>Standard</VALUE><BINDING_PATH/><BINDING_TYPE/><BINDING_REF/><BIND_BUILD_ORIGIN/></_-NEPTUNE_-_OBJ_AT><_-NEPTUNE_-_OBJ_AT><APPLID>ZUI_NAD_MDM_USER_INFO</APPLID><FIELD_ID>00005</FIELD_ID><VERSION>0001</VERSION><ATTRIBUTE>contentOnlyBusy</ATTRIBUTE><GROUPING>Properties</GROUPING><VALUE>false</VALUE><BINDING_PATH/><BINDING_TYPE/><BINDING_REF/><BIND_BUILD_ORIGIN/></_-NEPTUNE_-_OBJ_AT><_-NEPTUNE_-_OBJ_AT><APPLID>ZUI_NAD_MDM_USER_INFO</APPLID><FIELD_ID>00005</FIELD_ID><VERSION>0001</VERSION><ATTRIBUTE>enableScrolling</ATTRIBUTE><GROUPING>Properties</GROUPING><VALUE>true</VALUE><BINDING_PATH/><BINDING_TYPE/><BINDING_REF/><BIND_BUILD_ORIGIN/></_-NEPTUNE_-_OBJ_AT><_-NEPTUNE_-_OBJ_AT><APPLID>ZUI_NAD_MDM_USER_INFO</APPLID><FIELD_ID>00005</FIELD_ID><VERSION>0001</VERSION><ATTRIBUTE>showFooter</ATTRIBUTE><GROUPING>Properties</GROUPING><VALUE>true</VALUE><BINDING_PATH/><BINDING_TYPE/><BINDING_REF/><BIND_BUILD_ORIGIN/></_-NEPTUNE_-_OBJ_AT><_-NEPTUNE_-_OBJ_AT><APPLID>ZUI_NAD_MDM_USER_INFO</APPLID><FIELD_ID>00005</FIELD_ID><VERSION>0001</VERSION><ATTRIBUTE>showHeader</ATTRIBUTE><GROUPING>Properties</GROUPING><VALUE>true</VALUE><BINDING_PATH/><BINDING_TYPE/><BINDING_REF/><BIND_BUILD_ORIGIN/></_-NEPTUNE_-_OBJ_AT><_-NEPTUNE_-_OBJ_AT><APPLID>ZUI_NAD_MDM_USER_INFO</APPLID><FIELD_ID>00005</FIELD_ID><VERSION>0001</VERSION><ATTRIBUTE>showNavButton</ATTRIBUTE><GROUPING>Properties</GROUPING><VALUE>false</VALUE><BINDING_PATH/><BINDING_TYPE/><BINDING_REF/><BIND_BUILD_ORIGIN/></_-NEPTUNE_-_OBJ_AT><_-NEPTUNE_-_OBJ_AT><APPLID>ZUI_NAD_MDM_USER_INFO</APPLID><FIELD_ID>00005</FIELD_ID><VERSION>0001</VERSION><ATTRIBUTE>showSubHeader</ATTRIBUTE><GROUPING>Properties</GROUPING><VALUE>true</VALUE><BINDING_PATH/><BINDING_TYPE/><BINDING_REF/><BIND_BUILD_ORIGIN/></_-NEPTUNE_-_OBJ_AT><_-NEPTUNE_-_OBJ_AT><APPLID>ZUI_NAD_MDM_USER_INFO</APPLID><FIELD_ID>00005</FIELD_ID><VERSION>0001</VERSION><ATTRIBUTE>visible</ATTRIBUTE><GROUPING>Properties</GROUPING><VALUE>true</VALUE><BINDING_PATH/><BINDING_TYPE/><BINDING_REF/><BIND_BUILD_ORIGIN/></_-NEPTUNE_-_OBJ_AT><_-NEPTUNE_-_OBJ_AT><APPLID>ZUI_NAD_MDM_USER_INFO</APPLID><FIELD_ID>00008</FIELD_ID><VERSION>0001</VERSION><ATTRIBUTE>header</ATTRIBUTE><GROUPING>Properties</GROUPING><VALUE>Employee Info</VALUE><BINDING_PATH/><BINDING_TYPE/><BINDING_REF/><BIND_BUILD_ORIGIN/></_-NEPTUNE_-_OBJ_AT><_-NEPTUNE_-_OBJ_AT><APPLID>ZUI_NAD_MDM_USER_INFO</APPLID><FIELD_ID>00008</FIELD_ID><VERSION>0001</VERSION><ATTRIBUTE>icon</ATTRIBUTE><GROUPING>Properties</GROUPING><VALUE>sap-icon://person-placeholder</VALUE><BINDING_PATH/><BINDING_TYPE/><BINDING_REF/><BIND_BUILD_ORIGIN/></_-NEPTUNE_-_OBJ_AT><_-NEPTUNE_-_OBJ_AT><APPLID>ZUI_NAD_MDM_USER_INFO</APPLID><FIELD_ID>00008</FIELD_ID><VERSION>0001</VERSION><ATTRIBUTE>title</ATTRIBUTE><GROUPING>Properties</GROUPING><VALUE>{WA_USER_INFO-NAME}</VALUE><BINDING_PATH/><BINDING_TYPE/><BINDING_REF/><BIND_BUILD_ORIGIN/></_-NEPTUNE_-_OBJ_AT><_-NEPTUNE_-_OBJ_AT><APPLID>ZUI_NAD_MDM_USER_INFO</APPLID><FIELD_ID>00009</FIELD_ID><VERSION>0001</VERSION><ATTRIBUTE>heading</ATTRIBUTE><GROUPING>Properties</GROUPING><VALUE>Contact Detail</VALUE><BINDING_PATH/><BINDING_TYPE/><BINDING_REF/><BIND_BUILD_ORIGIN/></_-NEPTUNE_-_OBJ_AT><_-NEPTUNE_-_OBJ_AT><APPLID>ZUI_NAD_MDM_USER_INFO</APPLID><FIELD_ID>00009</FIELD_ID><VERSION>0001</VERSION><ATTRIBUTE>visible</ATTRIBUTE><GROUPING>Properties</GROUPING><VALUE>true</VALUE><BINDING_PATH/><BINDING_TYPE/><BINDING_REF/><BIND_BUILD_ORIGIN/></_-NEPTUNE_-_OBJ_AT><_-NEPTUNE_-_OBJ_AT><APPLID>ZUI_NAD_MDM_USER_INFO</APPLID><FIELD_ID>00010</FIELD_ID><VERSION>0001</VERSION><ATTRIBUTE>heading</ATTRIBUTE><GROUPING>Properties</GROUPING><VALUE>Company</VALUE><BINDING_PATH/><BINDING_TYPE/><BINDING_REF/><BIND_BUILD_ORIGIN/></_-NEPTUNE_-_OBJ_AT><_-NEPTUNE_-_OBJ_AT><APPLID>ZUI_NAD_MDM_USER_INFO</APPLID><FIELD_ID>00010</FIELD_ID><VERSION>0001</VERSION><ATTRIBUTE>visible</ATTRIBUTE><GROUPING>Properties</GROUPING><VALUE>true</VALUE><BINDING_PATH/><BINDING_TYPE/><BINDING_REF/><BIND_BUILD_ORIGIN/></_-NEPTUNE_-_OBJ_AT><_-NEPTUNE_-_OBJ_AT><APPLID>ZUI_NAD_MDM_USER_INFO</APPLID><FIELD_ID>00011</FIELD_ID><VERSION>0001</VERSION><ATTRIBUTE>label</ATTRIBUTE><GROUPING>Properties</GROUPING><VALUE>Name</VALUE><BINDING_PATH/><BINDING_TYPE/><BINDING_REF/><BIND_BUILD_ORIGIN/></_-NEPTUNE_-_OBJ_AT><_-NEPTUNE_-_OBJ_AT><APPLID>ZUI_NAD_MDM_USER_INFO</APPLID><FIELD_ID>00011</FIELD_ID><VERSION>0001</VERSION><ATTRIBUTE>type</ATTRIBUTE><GROUPING>Properties</GROUPING><VALUE>text</VALUE><BINDING_PATH/><BINDING_TYPE/><BINDING_REF/><BIND_BUILD_ORIGIN/></_-NEPTUNE_-_OBJ_AT><_-NEPTUNE_-_OBJ_AT><APPLID>ZUI_NAD_MDM_USER_INFO</APPLID><FIELD_ID>00011</FIELD_ID><VERSION>0001</VERSION><ATTRIBUTE>value</ATTRIBUTE><GROUPING>Properties</GROUPING><VALUE>{WA_USER_INFO-COMPANY}</VALUE><BINDING_PATH/><BINDING_TYPE/><BINDING_REF/><BIND_BUILD_ORIGIN/></_-NEPTUNE_-_OBJ_AT><_-NEPTUNE_-_OBJ_AT><APPLID>ZUI_NAD_MDM_USER_INFO</APPLID><FIELD_ID>00011</FIELD_ID><VERSION>0001</VERSION><ATTRIBUTE>visible</ATTRIBUTE><GROUPING>Properties</GROUPING><VALUE>true</VALUE><BINDING_PATH/><BINDING_TYPE/><BINDING_REF/><BIND_BUILD_ORIGIN/></_-NEPTUNE_-_OBJ_AT><_-NEPTUNE_-_OBJ_AT><APPLID>ZUI_NAD_MDM_USER_INFO</APPLID><FIELD_ID>00012</FIELD_ID><VERSION>0001</VERSION><ATTRIBUTE>label</ATTRIBUTE><GROUPING>Properties</GROUPING><VALUE>Address</VALUE><BINDING_PATH/><BINDING_TYPE/><BINDING_REF/><BIND_BUILD_ORIGIN/></_-NEPTUNE_-_OBJ_AT><_-NEPTUNE_-_OBJ_AT><APPLID>ZUI_NAD_MDM_USER_INFO</APPLID><FIELD_ID>00012</FIELD_ID><VERSION>0001</VERSION><ATTRIBUTE>type</ATTRIBUTE><GROUPING>Properties</GROUPING><VALUE>text</VALUE><BINDING_PATH/><BINDING_TYPE/><BINDING_REF/><BIND_BUILD_ORIGIN/></_-NEPTUNE_-_OBJ_AT><_-NEPTUNE_-_OBJ_AT><APPLID>ZUI_NAD_MDM_USER_INFO</APPLID><FIELD_ID>00012</FIELD_ID><VERSION>0001</VERSION><ATTRIBUTE>value</ATTRIBUTE><GROUPING>Properties</GROUPING><VALUE>{WA_USER_INFO-ADDRESS}</VALUE><BINDING_PATH/><BINDING_TYPE/><BINDING_REF/><BIND_BUILD_ORIGIN/></_-NEPTUNE_-_OBJ_AT><_-NEPTUNE_-_OBJ_AT><APPLID>ZUI_NAD_MDM_USER_INFO</APPLID><FIELD_ID>00012</FIELD_ID><VERSION>0001</VERSION><ATTRIBUTE>visible</ATTRIBUTE><GROUPING>Properties</GROUPING><VALUE>true</VALUE><BINDING_PATH/><BINDING_TYPE/><BINDING_REF/><BIND_BUILD_ORIGIN/></_-NEPTUNE_-_OBJ_AT><_-NEPTUNE_-_OBJ_AT><APPLID>ZUI_NAD_MDM_USER_INFO</APPLID><FIELD_ID>00013</FIELD_ID><VERSION>0001</VERSION><ATTRIBUTE>label</ATTRIBUTE><GROUPING>Properties</GROUPING><VALUE>Mobile</VALUE><BINDING_PATH/><BINDING_TYPE/><BINDING_REF/><BIND_BUILD_ORIGIN/></_-NEPTUNE_-_OBJ_AT><_-NEPTUNE_-_OBJ_AT><APPLID>ZUI_NAD_MDM_USER_INFO</APPLID><FIELD_ID>00013</FIELD_ID><VERSION>0001</VERSION><ATTRIBUTE>type</ATTRIBUTE><GROUPING>Properties</GROUPING><VALUE>mobile</VALUE><BINDING_PATH/><BINDING_TYPE/><BINDING_REF/><BIND_BUILD_ORIGIN/></_-NEPTUNE_-_OBJ_AT><_-NEPTUNE_-_OBJ_AT><APPLID>ZUI_NAD_MDM_USER_INFO</APPLID><FIELD_ID>00013</FIELD_ID><VERSION>0001</VERSION><ATTRIBUTE>value</ATTRIBUTE><GROUPING>Properties</GROUPING><VALUE>{WA_USER_INFO-MOBILE}</VALUE><BINDING_PATH/><BINDING_TYPE/><BINDING_REF/><BIND_BUILD_ORIGIN/></_-NEPTUNE_-_OBJ_AT><_-NEPTUNE_-_OBJ_AT><APPLID>ZUI_NAD_MDM_USER_INFO</APPLID><FIELD_ID>00013</FIELD_ID><VERSION>0001</VERSION><ATTRIBUTE>visible</ATTRIBUTE><GROUPING>Properties</GROUPING><VALUE>true</VALUE><BINDING_PATH/><BINDING_TYPE/><BINDING_REF/><BIND_BUILD_ORIGIN/></_-NEPTUNE_-_OBJ_AT><_-NEPTUNE_-_OBJ_AT><APPLID>ZUI_NAD_MDM_USER_INFO</APPLID><FIELD_ID>00014</FIELD_ID><VERSION>0001</VERSION><ATTRIBUTE>label</ATTRIBUTE><GROUPING>Properties</GROUPING><VALUE>Phone</VALUE><BINDING_PATH/><BINDING_TYPE/><BINDING_REF/><BIND_BUILD_ORIGIN/></_-NEPTUNE_-_OBJ_AT><_-NEPTUNE_-_OBJ_AT><APPLID>ZUI_NAD_MDM_USER_INFO</APPLID><FIELD_ID>00014</FIELD_ID><VERSION>0001</VERSION><ATTRIBUTE>type</ATTRIBUTE><GROUPING>Properties</GROUPING><VALUE>phone</VALUE><BINDING_PATH/><BINDING_TYPE/><BINDING_REF/><BIND_BUILD_ORIGIN/></_-NEPTUNE_-_OBJ_AT><_-NEPTUNE_-_OBJ_AT><APPLID>ZUI_NAD_MDM_USER_INFO</APPLID><FIELD_ID>00014</FIELD_ID><VERSION>0001</VERSION><ATTRIBUTE>value</ATTRIBUTE><GROUPING>Properties</GROUPING><VALUE>{WA_USER_INFO-PHONE}</VALUE><BINDING_PATH/><BINDING_TYPE/><BINDING_REF/><BIND_BUILD_ORIGIN/></_-NEPTUNE_-_OBJ_AT><_-NEPTUNE_-_OBJ_AT><APPLID>ZUI_NAD_MDM_USER_INFO</APPLID><FIELD_ID>00014</FIELD_ID><VERSION>0001</VERSION><ATTRIBUTE>visible</ATTRIBUTE><GROUPING>Properties</GROUPING><VALUE>true</VALUE><BINDING_PATH/><BINDING_TYPE/><BINDING_REF/><BIND_BUILD_ORIGIN/></_-NEPTUNE_-_OBJ_AT><_-NEPTUNE_-_OBJ_AT><APPLID>ZUI_NAD_MDM_USER_INFO</APPLID><FIELD_ID>00015</FIELD_ID><VERSION>0001</VERSION><ATTRIBUTE>label</ATTRIBUTE><GROUPING>Properties</GROUPING><VALUE>Email</VALUE><BINDING_PATH/><BINDING_TYPE/><BINDING_REF/><BIND_BUILD_ORIGIN/></_-NEPTUNE_-_OBJ_AT><_-NEPTUNE_-_OBJ_AT><APPLID>ZUI_NAD_MDM_USER_INFO</APPLID><FIELD_ID>00015</FIELD_ID><VERSION>0001</VERSION><ATTRIBUTE>type</ATTRIBUTE><GROUPING>Properties</GROUPING><VALUE>email</VALUE><BINDING_PATH/><BINDING_TYPE/><BINDING_REF/><BIND_BUILD_ORIGIN/></_-NEPTUNE_-_OBJ_AT><_-NEPTUNE_-_OBJ_AT><APPLID>ZUI_NAD_MDM_USER_INFO</APPLID><FIELD_ID>00015</FIELD_ID><VERSION>0001</VERSION><ATTRIBUTE>value</ATTRIBUTE><GROUPING>Properties</GROUPING><VALUE>{WA_USER_INFO-EMAIL}</VALUE><BINDING_PATH/><BINDING_TYPE/><BINDING_REF/><BIND_BUILD_ORIGIN/></_-NEPTUNE_-_OBJ_AT><_-NEPTUNE_-_OBJ_AT><APPLID>ZUI_NAD_MDM_USER_INFO</APPLID><FIELD_ID>00015</FIELD_ID><VERSION>0001</VERSION><ATTRIBUTE>visible</ATTRIBUTE><GROUPING>Properties</GROUPING><VALUE>true</VALUE><BINDING_PATH/><BINDING_TYPE/><BINDING_REF/><BIND_BUILD_ORIGIN/></_-NEPTUNE_-_OBJ_AT><_-NEPTUNE_-_OBJ_AT><APPLID>ZUI_NAD_MDM_USER_INFO</APPLID><FIELD_ID>00016</FIELD_ID><VERSION>0001</VERSION><ATTRIBUTE>backgroundDesign</ATTRIBUTE><GROUPING>Properties</GROUPING><VALUE>Translucent</VALUE><BINDING_PATH/><BINDING_TYPE/><BINDING_REF/><BIND_BUILD_ORIGIN/></_-NEPTUNE_-_OBJ_AT><_-NEPTUNE_-_OBJ_AT><APPLID>ZUI_NAD_MDM_USER_INFO</APPLID><FIELD_ID>00016</FIELD_ID><VERSION>0001</VERSION><ATTRIBUTE>expandAnimation</ATTRIBUTE><GROUPING>Properties</GROUPING><VALUE>true</VALUE><BINDING_PATH/><BINDING_TYPE/><BINDING_REF/><BIND_BUILD_ORIGIN/></_-NEPTUNE_-_OBJ_AT><_-NEPTUNE_-_OBJ_AT><APPLID>ZUI_NAD_MDM_USER_INFO</APPLID><FIELD_ID>00016</FIELD_ID><VERSION>0001</VERSION><ATTRIBUTE>expandable</ATTRIBUTE><GROUPING>Properties</GROUPING><VALUE>false</VALUE><BINDING_PATH/><BINDING_TYPE/><BINDING_REF/><BIND_BUILD_ORIGIN/></_-NEPTUNE_-_OBJ_AT><_-NEPTUNE_-_OBJ_AT><APPLID>ZUI_NAD_MDM_USER_INFO</APPLID><FIELD_ID>00016</FIELD_ID><VERSION>0001</VERSION><ATTRIBUTE>expanded</ATTRIBUTE><GROUPING>Properties</GROUPING><VALUE>false</VALUE><BINDING_PATH/><BINDING_TYPE/><BINDING_REF/><BIND_BUILD_ORIGIN/></_-NEPTUNE_-_OBJ_AT><_-NEPTUNE_-_OBJ_AT><APPLID>ZUI_NAD_MDM_USER_INFO</APPLID><FIELD_ID>00016</FIELD_ID><VERSION>0001</VERSION><ATTRIBUTE>visible</ATTRIBUTE><GROUPING>Properties</GROUPING><VALUE>true</VALUE><BINDING_PATH/><BINDING_TYPE/><BINDING_REF/><BIND_BUILD_ORIGIN/></_-NEPTUNE_-_OBJ_AT><_-NEPTUNE_-_OBJ_AT><APPLID>ZUI_NAD_MDM_USER_INFO</APPLID><FIELD_ID>00016</FIELD_ID><VERSION>0001</VERSION><ATTRIBUTE>width</ATTRIBUTE><GROUPING>Properties</GROUPING><VALUE>100%</VALUE><BINDING_PATH/><BINDING_TYPE/><BINDING_REF/><BIND_BUILD_ORIGIN/></_-NEPTUNE_-_OBJ_AT><_-NEPTUNE_-_OBJ_AT><APPLID>ZUI_NAD_MDM_USER_INFO</APPLID><FIELD_ID>00017</FIELD_ID><VERSION>0001</VERSION><ATTRIBUTE>position</ATTRIBUTE><GROUPING>Parent</GROUPING><VALUE>setFooter</VALUE><BINDING_PATH/><BINDING_TYPE/><BINDING_REF/><BIND_BUILD_ORIGIN/></_-NEPTUNE_-_OBJ_AT><_-NEPTUNE_-_OBJ_AT><APPLID>ZUI_NAD_MDM_USER_INFO</APPLID><FIELD_ID>00017</FIELD_ID><VERSION>0001</VERSION><ATTRIBUTE>visible</ATTRIBUTE><GROUPING>Properties</GROUPING><VALUE>true</VALUE><BINDING_PATH/><BINDING_TYPE/><BINDING_REF/><BIND_BUILD_ORIGIN/></_-NEPTUNE_-_OBJ_AT><_-NEPTUNE_-_OBJ_AT><APPLID>ZUI_NAD_MDM_USER_INFO</APPLID><FIELD_ID>00018</FIELD_ID><VERSION>0001</VERSION><ATTRIBUTE>position</ATTRIBUTE><GROUPING>Parent</GROUPING><VALUE>ContentRight</VALUE><BINDING_PATH/><BINDING_TYPE/><BINDING_REF/><BIND_BUILD_ORIGIN/></_-NEPTUNE_-_OBJ_AT><_-NEPTUNE_-_OBJ_AT><APPLID>ZUI_NAD_MDM_USER_INFO</APPLID><FIELD_ID>00020</FIELD_ID><VERSION>0001</VERSION><ATTRIBUTE>enabled</ATTRIBUTE><GROUPING>Properties</GROUPING><VALUE>true</VALUE><BINDING_PATH/><BINDING_TYPE/><BINDING_REF/><BIND_BUILD_ORIGIN/></_-NEPTUNE_-_OBJ_AT><_-NEPTUNE_-_OBJ_AT><APPLID>ZUI_NAD_MDM_USER_INFO</APPLID><FIELD_ID>00020</FIELD_ID><VERSION>0001</VERSION><ATTRIBUTE>iconDensityAware</ATTRIBUTE><GROUPING>Properties</GROUPING><VALUE>true</VALUE><BINDING_PATH/><BINDING_TYPE/><BINDING_REF/><BIND_BUILD_ORIGIN/></_-NEPTUNE_-_OBJ_AT><_-NEPTUNE_-_OBJ_AT><APPLID>ZUI_NAD_MDM_USER_INFO</APPLID><FIELD_ID>00020</FIELD_ID><VERSION>0001</VERSION><ATTRIBUTE>iconFirst</ATTRIBUTE><GROUPING>Properties</GROUPING><VALUE>true</VALUE><BINDING_PATH/><BINDING_TYPE/><BINDING_REF/><BIND_BUILD_ORIGIN/></_-NEPTUNE_-_OBJ_AT><_-NEPTUNE_-_OBJ_AT><APPLID>ZUI_NAD_MDM_USER_INFO</APPLID><FIELD_ID>00020</FIELD_ID><VERSION>0001</VERSION><ATTRIBUTE>press</ATTRIBUTE><GROUPING>Events</GROUPING><VALUE>Anonymous Function</VALUE><BINDING_PATH/><BINDING_TYPE/><BINDING_REF/><BIND_BUILD_ORIGIN/></_-NEPTUNE_-_OBJ_AT><_-NEPTUNE_-_OBJ_AT><APPLID>ZUI_NAD_MDM_USER_INFO</APPLID><FIELD_ID>00020</FIELD_ID><VERSION>0001</VERSION><ATTRIBUTE>text</ATTRIBUTE><GROUPING>Properties</GROUPING><VALUE>Close</VALUE><BINDING_PATH/><BINDING_TYPE/><BINDING_REF/><BIND_BUILD_ORIGIN/></_-NEPTUNE_-_OBJ_AT><_-NEPTUNE_-_OBJ_AT><APPLID>ZUI_NAD_MDM_USER_INFO</APPLID><FIELD_ID>00020</FIELD_ID><VERSION>0001</VERSION><ATTRIBUTE>visible</ATTRIBUTE><GROUPING>Properties</GROUPING><VALUE>true</VALUE><BINDING_PATH/><BINDING_TYPE/><BINDING_REF/><BIND_BUILD_ORIGIN/></_-NEPTUNE_-_OBJ_AT><_-NEPTUNE_-_OBJ_AT><APPLID>ZUI_NAD_MDM_USER_INFO</APPLID><FIELD_ID>00021</FIELD_ID><VERSION>0001</VERSION><ATTRIBUTE>appWidthLimited</ATTRIBUTE><GROUPING>Properties</GROUPING><VALUE>true</VALUE><BINDING_PATH/><BINDING_TYPE/><BINDING_REF/><BIND_BUILD_ORIGIN/></_-NEPTUNE_-_OBJ_AT><_-NEPTUNE_-_OBJ_AT><APPLID>ZUI_NAD_MDM_USER_INFO</APPLID><FIELD_ID>00021</FIELD_ID><VERSION>0001</VERSION><ATTRIBUTE>backgroundOpacity</ATTRIBUTE><GROUPING>Properties</GROUPING><VALUE>1</VALUE><BINDING_PATH/><BINDING_TYPE/><BINDING_REF/><BIND_BUILD_ORIGIN/></_-NEPTUNE_-_OBJ_AT><_-NEPTUNE_-_OBJ_AT><APPLID>ZUI_NAD_MDM_USER_INFO</APPLID><FIELD_ID>00021</FIELD_ID><VERSION>0001</VERSION><ATTRIBUTE>backgroundRepeat</ATTRIBUTE><GROUPING>Properties</GROUPING><VALUE>false</VALUE><BINDING_PATH/><BINDING_TYPE/><BINDING_REF/><BIND_BUILD_ORIGIN/></_-NEPTUNE_-_OBJ_AT><_-NEPTUNE_-_OBJ_AT><APPLID>ZUI_NAD_MDM_USER_INFO</APPLID><FIELD_ID>00021</FIELD_ID><VERSION>0001</VERSION><ATTRIBUTE>showLogout</ATTRIBUTE><GROUPING>Properties</GROUPING><VALUE>true</VALUE><BINDING_PATH/><BINDING_TYPE/><BINDING_REF/><BIND_BUILD_ORIGIN/></_-NEPTUNE_-_OBJ_AT><_-NEPTUNE_-_OBJ_AT><APPLID>ZUI_NAD_MDM_USER_INFO</APPLID><FIELD_ID>00021</FIELD_ID><VERSION>0001</VERSION><ATTRIBUTE>visible</ATTRIBUTE><GROUPING>Properties</GROUPING><VALUE>true</VALUE><BINDING_PATH/><BINDING_TYPE/><BINDING_REF/><BIND_BUILD_ORIGIN/></_-NEPTUNE_-_OBJ_AT></IT_ATTRIBUTES><IT_HTML/><IT_SCRIPT><_-NEPTUNE_-_SCRIPT><APPLID>ZUI_NAD_MDM_USER_INFO</APPLID><FIELD_ID>00006</FIELD_ID><VERSION>0001</VERSION><SEQNR>00001</SEQNR><TEXT>if (sap.n) {</TEXT></_-NEPTUNE_-_SCRIPT><_-NEPTUNE_-_SCRIPT><APPLID>ZUI_NAD_MDM_USER_INFO</APPLID><FIELD_ID>00006</FIELD_ID><VERSION>0001</VERSION><SEQNR>00002</SEQNR><TEXT>    sap.n.Shell.attachBeforeDisplay(function() {</TEXT></_-NEPTUNE_-_SCRIPT><_-NEPTUNE_-_SCRIPT><APPLID>ZUI_NAD_MDM_USER_INFO</APPLID><FIELD_ID>00006</FIELD_ID><VERSION>0001</VERSION><SEQNR>00003</SEQNR><TEXT>       getOnlineDetail(sap.n.Apps.userName);</TEXT></_-NEPTUNE_-_SCRIPT><_-NEPTUNE_-_SCRIPT><APPLID>ZUI_NAD_MDM_USER_INFO</APPLID><FIELD_ID>00006</FIELD_ID><VERSION>0001</VERSION><SEQNR>00004</SEQNR><TEXT>    });</TEXT></_-NEPTUNE_-_SCRIPT><_-NEPTUNE_-_SCRIPT><APPLID>ZUI_NAD_MDM_USER_INFO</APPLID><FIELD_ID>00006</FIELD_ID><VERSION>0001</VERSION><SEQNR>00005</SEQNR><TEXT>}</TEXT></_-NEPTUNE_-_SCRIPT></IT_SCRIPT><IT_TABLE_FIELDS/><IT_ATTRIBUTES_CUSTOMER/><IT_FILTER/><IT_CSS_DESKTOP/><IT_CSS_MOBILE/><IT_CSS_TABLET/><IT_LANGUAGE/><IT_STYLE/><IT_STYLE_CUSTOMER/><IT_PLUGIN><_-NEPTUNE_-_PLUGIN><APPLID>ZUI_NAD_MDM_USER_INFO</APPLID><VERSION>0001</VERSION><PLUGIN_ID>sap_bluecrystal</PLUGIN_ID><SORTING>40</SORTING><NAME/></_-NEPTUNE_-_PLUGIN></IT_PLUGIN><IT_MANIFEST/><IT_BINDING><_-NEPTUNE_-_BIND><APPLID>ZUI_NAD_MDM_USER_INFO</APPLID><FIELD_ID>00003</FIELD_ID><VERSION>0001</VERSION><BIND_OBJECT>DATA</BIND_OBJECT><BIND_TYPE>u</BIND_TYPE><BINDING>WA_USER_INFO</BINDING><CONVEXIT/><XSLT_ENABLE/><BINDING_ROOT_TYPE/><BINDING_ROOT_FIELD_ID>00000</BINDING_ROOT_FIELD_ID><BINDING_PATH/><BIND_BUILD_ORIGIN/></_-NEPTUNE_-_BIND></IT_BINDING><IT_EVENT_SCRIPT><_-NEPTUNE_-_EVTSCR><APPLID>ZUI_NAD_MDM_USER_INFO</APPLID><FIELD_ID>00020</FIELD_ID><VERSION>0001</VERSION><EVENT>press</EVENT><SEQNR>00001</SEQNR><TEXT>// Close Dialog</TEXT></_-NEPTUNE_-_EVTSCR><_-NEPTUNE_-_EVTSCR><APPLID>ZUI_NAD_MDM_USER_INFO</APPLID><FIELD_ID>00020</FIELD_ID><VERSION>0001</VERSION><EVENT>press</EVENT><SEQNR>00002</SEQNR><TEXT>var parent = oShell.getParent();</TEXT></_-NEPTUNE_-_EVTSCR><_-NEPTUNE_-_EVTSCR><APPLID>ZUI_NAD_MDM_USER_INFO</APPLID><FIELD_ID>00020</FIELD_ID><VERSION>0001</VERSION><EVENT>press</EVENT><SEQNR>00003</SEQNR><TEXT>if (parent) {</TEXT></_-NEPTUNE_-_EVTSCR><_-NEPTUNE_-_EVTSCR><APPLID>ZUI_NAD_MDM_USER_INFO</APPLID><FIELD_ID>00020</FIELD_ID><VERSION>0001</VERSION><EVENT>press</EVENT><SEQNR>00004</SEQNR><TEXT>    var dia = parent.getParent();</TEXT></_-NEPTUNE_-_EVTSCR><_-NEPTUNE_-_EVTSCR><APPLID>ZUI_NAD_MDM_USER_INFO</APPLID><FIELD_ID>00020</FIELD_ID><VERSION>0001</VERSION><EVENT>press</EVENT><SEQNR>00005</SEQNR><TEXT>    if (dia) {</TEXT></_-NEPTUNE_-_EVTSCR><_-NEPTUNE_-_EVTSCR><APPLID>ZUI_NAD_MDM_USER_INFO</APPLID><FIELD_ID>00020</FIELD_ID><VERSION>0001</VERSION><EVENT>press</EVENT><SEQNR>00006</SEQNR><TEXT>        dia.close();</TEXT></_-NEPTUNE_-_EVTSCR><_-NEPTUNE_-_EVTSCR><APPLID>ZUI_NAD_MDM_USER_INFO</APPLID><FIELD_ID>00020</FIELD_ID><VERSION>0001</VERSION><EVENT>press</EVENT><SEQNR>00007</SEQNR><TEXT>    }</TEXT></_-NEPTUNE_-_EVTSCR><_-NEPTUNE_-_EVTSCR><APPLID>ZUI_NAD_MDM_USER_INFO</APPLID><FIELD_ID>00020</FIELD_ID><VERSION>0001</VERSION><EVENT>press</EVENT><SEQNR>00008</SEQNR><TEXT>}</TEXT></_-NEPTUNE_-_EVTSCR></IT_EVENT_SCRIPT><IT_MODEL><_-NEPTUNE_-_MODEL><APPLID>ZUI_NAD_MDM_USER_INFO</APPLID><FIELD_ID>00007</FIELD_ID><VERSION>0001</VERSION><MODEL_ID>00003</MODEL_ID><MODEL>oPageStart</MODEL><SEND/><RECEIVE>X</RECEIVE></_-NEPTUNE_-_MODEL></IT_MODEL><IT_RT_TEMPLATES/><WA_CONTENT><APPLID/><FIELD_ID>00000</FIELD_ID><VERSION>0000</VERSION><FIELD_NAME/><FIELD_TYPE/><FIELD_LABEL/><FIELD_POS>00000</FIELD_POS><FIELD_PARENT>00000</FIELD_PARENT><DISABLED/><IS_CONTAINER/><ON_ENTER/><COMBO_TABLE/><COMBO_FIELD/><COMBO_LABEL/><COMBO_TECH/><EVENT_ID/><DESCR/><SH/><SH_KEY/><MEMORYID/><SEL_MULTIPLE/><CHART_FIELD_X/><CHART_FIELD_Y/><CHART_FIELD_DATA/><CHART_COUNT/><DEFAULT_VALUE/><DEFAULT_DATE>0000-00-00</DEFAULT_DATE><CALCULATE_DATE>0</CALCULATE_DATE><DATE_TODAY/><NAV_APPLID/><IS_VIEW/><FLAG1/><FLAG2/><CHART_FIELD_4/><CHART_FIELD_5/><FLAG3/><FLAG4/><FLAG5/><FLAG6/><FLAG7/><EXTEND_ID>00000</EXTEND_ID><EXTEND_TYPE/><ODATA_PATH/><APIID/><API_NAME/><OPERID/><OPER_NAME/><CUSTUI5_GUID/><AJAX_TYPE/></WA_CONTENT><WA_ATTRIBUTES><APPLID/><FIELD_ID>00000</FIELD_ID><VERSION>0000</VERSION><ATTRIBUTE/><GROUPING/><VALUE/><BINDING_PATH/><BINDING_TYPE/><BINDING_REF/><BIND_BUILD_ORIGIN/></WA_ATTRIBUTES><WA_HTML><APPLID/><FIELD_ID>00000</FIELD_ID><VERSION>0000</VERSION><SEQNR>00000</SEQNR><TEXT/></WA_HTML><WA_SCRIPT><APPLID/><FIELD_ID>00000</FIELD_ID><VERSION>0000</VERSION><SEQNR>00000</SEQNR><TEXT/></WA_SCRIPT><WA_TABLE_FIELDS><APPLID/><FIELD_ID>00000</FIELD_ID><VERSION>0000</VERSION><TABNAME/><KEYFIELD/><DOMNAME/><OUTPUTLEN>000000</OUTPUTLEN><DECIMALS>000000</DECIMALS><DATATYPE/><CONVEXIT/><REPTEXT/><FIELD_POS>000</FIELD_POS><VISIBLE/><REPTEXT_C/><PRE/><POST/></WA_TABLE_FIELDS><WA_ATTRIBUTES_CUSTOMER><APPLID/><FIELD_ID>00000</FIELD_ID><VERSION>0000</VERSION><VALUE/></WA_ATTRIBUTES_CUSTOMER><WA_FILTER><APPLID/><FIELD_ID>00000</FIELD_ID><VERSION>0000</VERSION><SEQNR>00000</SEQNR><SIGN/><OPTI/><LOW/><HIGH/></WA_FILTER><WA_CSS_DESKTOP><APPLID/><VERSION>0000</VERSION><SEQNR>00000</SEQNR><TEXT/></WA_CSS_DESKTOP><WA_CSS_MOBILE><APPLID/><VERSION>0000</VERSION><SEQNR>00000</SEQNR><TEXT/></WA_CSS_MOBILE><WA_CSS_TABLET><APPLID/><VERSION>0000</VERSION><SEQNR>00000</SEQNR><TEXT/></WA_CSS_TABLET><WA_LANGUAGE><APPLID/><FIELD_ID>00000</FIELD_ID><VERSION>0000</VERSION><LANGUAGE/><ATTRIBUTE/><FIELD_LABEL/></WA_LANGUAGE><WA_STYLE><APPLID/><FIELD_ID>00000</FIELD_ID><VERSION>0000</VERSION><STYLE/><VALUE/></WA_STYLE><WA_STYLE_CUSTOMER><APPLID/><FIELD_ID>00000</FIELD_ID><VERSION>0000</VERSION><VALUE/></WA_STYLE_CUSTOMER><WA_PLUGIN><APPLID/><VERSION>0000</VERSION><PLUGIN_ID/><SORTING>0</SORTING><NAME/></WA_PLUGIN><WA_MANIFEST><APPLID/><VERSION>0000</VERSION><SEQNR>00000</SEQNR><TEXT/></WA_MANIFEST><WA_BINDING><APPLID/><FIELD_ID>00000</FIELD_ID><VERSION>0000</VERSION><BIND_OBJECT/><BIND_TYPE/><BINDING/><CONVEXIT/><XSLT_ENABLE/><BINDING_ROOT_TYPE/><BINDING_ROOT_FIELD_ID>00000</BINDING_ROOT_FIELD_ID><BINDING_PATH/><BIND_BUILD_ORIGIN/></WA_BINDING><WA_EVENT_SCRIPT><APPLID/><FIELD_ID>00000</FIELD_ID><VERSION>0000</VERSION><EVENT/><SEQNR>00000</SEQNR><TEXT/></WA_EVENT_SCRIPT><WA_MODEL><APPLID/><FIELD_ID>00000</FIELD_ID><VERSION>0000</VERSION><MODEL_ID>00000</MODEL_ID><MODEL/><SEND/><RECEIVE/></WA_MODEL><WA_RT_TEMPLATES><MANDT/><APPLID/><FIELD_ID>00000</FIELD_ID><GUID/><VERSION>0000</VERSION></WA_RT_TEMPLATES></PROJECT></asx:values></asx:abap>