<?xml version="1.0" encoding="utf-8"?><asx:abap version="1.0" xmlns:asx="http://www.sap.com/abapxml"><asx:values><PROJECT><APPLICATION><APPLID>ZUI_NAD_MDS_PLANT</APPLID><VERSION>0001</VERSION><APP_TYPE>A</APP_TYPE><CLSNAME>ZCL_NAD_MDS_PLANT</CLSNAME><TITLE>Plant Search</TITLE><CREDAT>2016-05-03</CREDAT><CRETIM>09:55:13</CRETIM><CRENAM>OAH</CRENAM><UPDDAT>2021-10-08</UPDDAT><UPDTIM>10:29:39</UPDTIM><UPDNAM>CHRISTOPHER</UPDNAM><DESCR>Plant Search</DESCR><DESCR_MC>PLANT SEARCH</DESCR_MC><THEME_JQUERY/><TAG_BODY/><USE_MANIFEST/><USE_CSS_DESKTOP/><USE_CSS_TABLET/><USE_CSS_PHONE/><AUTH_OBJECT/><SH_FILTER/><SH_INSET/><SH_DIVIDER_THEME/><SH_LIST_THEME/><STATEFUL/><CONTENT_TYPE/><LIBRARY>5</LIBRARY><ADDON_MOBI/><ADDON_RGRAPH/><AS_FILE/><ADDON_FONTAW/><UI5_M>X</UI5_M><UI5_ME/><UI5_COMMONS/><UI5_UX3/><UI5_VIZ/><UI5_TABLE/><UI5_SUITE/><UI5_LANGUAGE/><INLINE_CSS/><DISABLED/><UI5_SUITE_UI/><ICFNODE/><UI5_UXAP/><RFCDEST/><RFCDEST_EXIT_CLS/><UI5_MULTIMODEL/><UI5_TNT/><DEVCLASS>$TMP</DEVCLASS><APPLID_BASE/><SAPUI5_VERSION/><UI5_COMP/><UI5_F/><NO_APP_DESTROY/><USE_DEPRECATED/><TR_ORDER/><BASE_HEADER/><BASE_CSS/><BASE_SCRIPT/><DISABLE_SAME_ORI/><UI5_INTEGRATION/><DEDICATED_CDN/><DISABLE_CACHE/><DISABLE_CACHE_FR/><ONLY_LAUNCHPAD/><COMPRESS_PAYLOAD/></APPLICATION><VERSION><APPLID>ZUI_NAD_MDS_PLANT</APPLID><VERSION>0001</VERSION><APP_TYPE>A</APP_TYPE><TITLE>Plant Search</TITLE><CREDAT>2016-05-03</CREDAT><CRETIM>09:55:13</CRETIM><CRENAM>OAH</CRENAM><UPDDAT>2021-10-08</UPDDAT><UPDTIM>10:29:39</UPDTIM><UPDNAM>CHRISTOPHER</UPDNAM><DESCR>Plant Search</DESCR><DESCR_MC>PLANT SEARCH</DESCR_MC><STATUS>Active</STATUS></VERSION><IT_CONTENT><_-NEPTUNE_-_OBJ><APPLID>ZUI_NAD_MDS_PLANT</APPLID><FIELD_ID>00001</FIELD_ID><VERSION>0001</VERSION><FIELD_NAME>HTML5 Document</FIELD_NAME><FIELD_TYPE>HTML5 DOC</FIELD_TYPE><FIELD_LABEL/><FIELD_POS>00001</FIELD_POS><FIELD_PARENT>00000</FIELD_PARENT><DISABLED/><IS_CONTAINER>X</IS_CONTAINER><ON_ENTER/><COMBO_TABLE/><COMBO_FIELD/><COMBO_LABEL/><COMBO_TECH/><EVENT_ID/><DESCR/><SH/><SH_KEY/><MEMORYID/><SEL_MULTIPLE/><CHART_FIELD_X/><CHART_FIELD_Y/><CHART_FIELD_DATA/><CHART_COUNT/><DEFAULT_VALUE/><DEFAULT_DATE>0000-00-00</DEFAULT_DATE><CALCULATE_DATE>0</CALCULATE_DATE><DATE_TODAY/><NAV_APPLID/><IS_VIEW>X</IS_VIEW><FLAG1/><FLAG2/><CHART_FIELD_4/><CHART_FIELD_5/><FLAG3/><FLAG4/><FLAG5/><FLAG6/><FLAG7/><EXTEND_ID>00000</EXTEND_ID><EXTEND_TYPE/><ODATA_PATH/><APIID/><API_NAME/><OPERID/><OPER_NAME/><CUSTUI5_GUID/><AJAX_TYPE/></_-NEPTUNE_-_OBJ><_-NEPTUNE_-_OBJ><APPLID>ZUI_NAD_MDS_PLANT</APPLID><FIELD_ID>00002</FIELD_ID><VERSION>0001</VERSION><FIELD_NAME>oShell</FIELD_NAME><FIELD_TYPE>UM5_SHELL</FIELD_TYPE><FIELD_LABEL/><FIELD_POS>00002</FIELD_POS><FIELD_PARENT>00001</FIELD_PARENT><DISABLED/><IS_CONTAINER>X</IS_CONTAINER><ON_ENTER/><COMBO_TABLE/><COMBO_FIELD/><COMBO_LABEL/><COMBO_TECH/><EVENT_ID/><DESCR/><SH/><SH_KEY/><MEMORYID/><SEL_MULTIPLE/><CHART_FIELD_X/><CHART_FIELD_Y/><CHART_FIELD_DATA/><CHART_COUNT/><DEFAULT_VALUE/><DEFAULT_DATE>0000-00-00</DEFAULT_DATE><CALCULATE_DATE>0</CALCULATE_DATE><DATE_TODAY/><NAV_APPLID/><IS_VIEW/><FLAG1/><FLAG2/><CHART_FIELD_4/><CHART_FIELD_5/><FLAG3/><FLAG4/><FLAG5/><FLAG6/><FLAG7/><EXTEND_ID>00000</EXTEND_ID><EXTEND_TYPE/><ODATA_PATH/><APIID/><API_NAME/><OPERID/><OPER_NAME/><CUSTUI5_GUID/><AJAX_TYPE/></_-NEPTUNE_-_OBJ><_-NEPTUNE_-_OBJ><APPLID>ZUI_NAD_MDS_PLANT</APPLID><FIELD_ID>00003</FIELD_ID><VERSION>0001</VERSION><FIELD_NAME>oApp</FIELD_NAME><FIELD_TYPE>UM5_APP</FIELD_TYPE><FIELD_LABEL/><FIELD_POS>00003</FIELD_POS><FIELD_PARENT>00002</FIELD_PARENT><DISABLED/><IS_CONTAINER>X</IS_CONTAINER><ON_ENTER/><COMBO_TABLE/><COMBO_FIELD/><COMBO_LABEL/><COMBO_TECH/><EVENT_ID/><DESCR/><SH/><SH_KEY/><MEMORYID/><SEL_MULTIPLE/><CHART_FIELD_X/><CHART_FIELD_Y/><CHART_FIELD_DATA/><CHART_COUNT/><DEFAULT_VALUE/><DEFAULT_DATE>0000-00-00</DEFAULT_DATE><CALCULATE_DATE>0</CALCULATE_DATE><DATE_TODAY/><NAV_APPLID/><IS_VIEW/><FLAG1/><FLAG2/><CHART_FIELD_4/><CHART_FIELD_5/><FLAG3/><FLAG4/><FLAG5/><FLAG6/><FLAG7/><EXTEND_ID>00000</EXTEND_ID><EXTEND_TYPE/><ODATA_PATH/><APIID/><API_NAME/><OPERID/><OPER_NAME/><CUSTUI5_GUID/><AJAX_TYPE/></_-NEPTUNE_-_OBJ><_-NEPTUNE_-_OBJ><APPLID>ZUI_NAD_MDS_PLANT</APPLID><FIELD_ID>00004</FIELD_ID><VERSION>0001</VERSION><FIELD_NAME>oPageStart</FIELD_NAME><FIELD_TYPE>UM5_PAGE</FIELD_TYPE><FIELD_LABEL/><FIELD_POS>00004</FIELD_POS><FIELD_PARENT>00003</FIELD_PARENT><DISABLED/><IS_CONTAINER>X</IS_CONTAINER><ON_ENTER/><COMBO_TABLE/><COMBO_FIELD/><COMBO_LABEL/><COMBO_TECH/><EVENT_ID/><DESCR/><SH/><SH_KEY/><MEMORYID/><SEL_MULTIPLE/><CHART_FIELD_X/><CHART_FIELD_Y/><CHART_FIELD_DATA/><CHART_COUNT/><DEFAULT_VALUE/><DEFAULT_DATE>0000-00-00</DEFAULT_DATE><CALCULATE_DATE>0</CALCULATE_DATE><DATE_TODAY/><NAV_APPLID/><IS_VIEW/><FLAG1/><FLAG2/><CHART_FIELD_4/><CHART_FIELD_5/><FLAG3/><FLAG4/><FLAG5/><FLAG6/><FLAG7/><EXTEND_ID>00000</EXTEND_ID><EXTEND_TYPE/><ODATA_PATH/><APIID/><API_NAME/><OPERID/><OPER_NAME/><CUSTUI5_GUID/><AJAX_TYPE/></_-NEPTUNE_-_OBJ><_-NEPTUNE_-_OBJ><APPLID>ZUI_NAD_MDS_PLANT</APPLID><FIELD_ID>00007</FIELD_ID><VERSION>0001</VERSION><FIELD_NAME>oSubStart</FIELD_NAME><FIELD_TYPE>UM5_BAR</FIELD_TYPE><FIELD_LABEL/><FIELD_POS>00005</FIELD_POS><FIELD_PARENT>00004</FIELD_PARENT><DISABLED/><IS_CONTAINER>X</IS_CONTAINER><ON_ENTER/><COMBO_TABLE/><COMBO_FIELD/><COMBO_LABEL/><COMBO_TECH/><EVENT_ID/><DESCR/><SH/><SH_KEY/><MEMORYID/><SEL_MULTIPLE/><CHART_FIELD_X/><CHART_FIELD_Y/><CHART_FIELD_DATA/><CHART_COUNT/><DEFAULT_VALUE/><DEFAULT_DATE>0000-00-00</DEFAULT_DATE><CALCULATE_DATE>0</CALCULATE_DATE><DATE_TODAY/><NAV_APPLID/><IS_VIEW/><FLAG1/><FLAG2/><CHART_FIELD_4/><CHART_FIELD_5/><FLAG3/><FLAG4/><FLAG5/><FLAG6/><FLAG7/><EXTEND_ID>00000</EXTEND_ID><EXTEND_TYPE/><ODATA_PATH/><APIID/><API_NAME/><OPERID/><OPER_NAME/><CUSTUI5_GUID/><AJAX_TYPE/></_-NEPTUNE_-_OBJ><_-NEPTUNE_-_OBJ><APPLID>ZUI_NAD_MDS_PLANT</APPLID><FIELD_ID>00012</FIELD_ID><VERSION>0001</VERSION><FIELD_NAME>oListData</FIELD_NAME><FIELD_TYPE>UM5_LIST</FIELD_TYPE><FIELD_LABEL/><FIELD_POS>00006</FIELD_POS><FIELD_PARENT>00004</FIELD_PARENT><DISABLED/><IS_CONTAINER>X</IS_CONTAINER><ON_ENTER/><COMBO_TABLE/><COMBO_FIELD/><COMBO_LABEL/><COMBO_TECH/><EVENT_ID/><DESCR/><SH/><SH_KEY/><MEMORYID/><SEL_MULTIPLE/><CHART_FIELD_X/><CHART_FIELD_Y/><CHART_FIELD_DATA/><CHART_COUNT/><DEFAULT_VALUE/><DEFAULT_DATE>0000-00-00</DEFAULT_DATE><CALCULATE_DATE>0</CALCULATE_DATE><DATE_TODAY/><NAV_APPLID/><IS_VIEW/><FLAG1/><FLAG2/><CHART_FIELD_4/><CHART_FIELD_5/><FLAG3/><FLAG4/><FLAG5/><FLAG6/><FLAG7/><EXTEND_ID>00000</EXTEND_ID><EXTEND_TYPE/><ODATA_PATH/><APIID/><API_NAME/><OPERID/><OPER_NAME/><CUSTUI5_GUID/><AJAX_TYPE/></_-NEPTUNE_-_OBJ><_-NEPTUNE_-_OBJ><APPLID>ZUI_NAD_MDS_PLANT</APPLID><FIELD_ID>00015</FIELD_ID><VERSION>0001</VERSION><FIELD_NAME>oFooterStart</FIELD_NAME><FIELD_TYPE>UM5_BAR</FIELD_TYPE><FIELD_LABEL/><FIELD_POS>00007</FIELD_POS><FIELD_PARENT>00004</FIELD_PARENT><DISABLED/><IS_CONTAINER>X</IS_CONTAINER><ON_ENTER/><COMBO_TABLE/><COMBO_FIELD/><COMBO_LABEL/><COMBO_TECH/><EVENT_ID/><DESCR/><SH/><SH_KEY/><MEMORYID/><SEL_MULTIPLE/><CHART_FIELD_X/><CHART_FIELD_Y/><CHART_FIELD_DATA/><CHART_COUNT/><DEFAULT_VALUE/><DEFAULT_DATE>0000-00-00</DEFAULT_DATE><CALCULATE_DATE>0</CALCULATE_DATE><DATE_TODAY/><NAV_APPLID/><IS_VIEW/><FLAG1/><FLAG2/><CHART_FIELD_4/><CHART_FIELD_5/><FLAG3/><FLAG4/><FLAG5/><FLAG6/><FLAG7/><EXTEND_ID>00000</EXTEND_ID><EXTEND_TYPE/><ODATA_PATH/><APIID/><API_NAME/><OPERID/><OPER_NAME/><CUSTUI5_GUID/><AJAX_TYPE/></_-NEPTUNE_-_OBJ><_-NEPTUNE_-_OBJ><APPLID>ZUI_NAD_MDS_PLANT</APPLID><FIELD_ID>00016</FIELD_ID><VERSION>0001</VERSION><FIELD_NAME>Right</FIELD_NAME><FIELD_TYPE>UM5_BARCON</FIELD_TYPE><FIELD_LABEL/><FIELD_POS>00008</FIELD_POS><FIELD_PARENT>00015</FIELD_PARENT><DISABLED/><IS_CONTAINER>X</IS_CONTAINER><ON_ENTER/><COMBO_TABLE/><COMBO_FIELD/><COMBO_LABEL/><COMBO_TECH/><EVENT_ID/><DESCR/><SH/><SH_KEY/><MEMORYID/><SEL_MULTIPLE/><CHART_FIELD_X/><CHART_FIELD_Y/><CHART_FIELD_DATA/><CHART_COUNT/><DEFAULT_VALUE/><DEFAULT_DATE>0000-00-00</DEFAULT_DATE><CALCULATE_DATE>0</CALCULATE_DATE><DATE_TODAY/><NAV_APPLID/><IS_VIEW/><FLAG1/><FLAG2/><CHART_FIELD_4/><CHART_FIELD_5/><FLAG3/><FLAG4/><FLAG5/><FLAG6/><FLAG7/><EXTEND_ID>00000</EXTEND_ID><EXTEND_TYPE/><ODATA_PATH/><APIID/><API_NAME/><OPERID/><OPER_NAME/><CUSTUI5_GUID/><AJAX_TYPE/></_-NEPTUNE_-_OBJ><_-NEPTUNE_-_OBJ><APPLID>ZUI_NAD_MDS_PLANT</APPLID><FIELD_ID>00017</FIELD_ID><VERSION>0001</VERSION><FIELD_NAME>butClose</FIELD_NAME><FIELD_TYPE>UM5_BUTTON</FIELD_TYPE><FIELD_LABEL/><FIELD_POS>00009</FIELD_POS><FIELD_PARENT>00016</FIELD_PARENT><DISABLED/><IS_CONTAINER/><ON_ENTER/><COMBO_TABLE/><COMBO_FIELD/><COMBO_LABEL/><COMBO_TECH/><EVENT_ID/><DESCR/><SH/><SH_KEY/><MEMORYID/><SEL_MULTIPLE/><CHART_FIELD_X/><CHART_FIELD_Y/><CHART_FIELD_DATA/><CHART_COUNT/><DEFAULT_VALUE/><DEFAULT_DATE>0000-00-00</DEFAULT_DATE><CALCULATE_DATE>0</CALCULATE_DATE><DATE_TODAY/><NAV_APPLID/><IS_VIEW/><FLAG1/><FLAG2/><CHART_FIELD_4/><CHART_FIELD_5/><FLAG3/><FLAG4/><FLAG5/><FLAG6/><FLAG7/><EXTEND_ID>00000</EXTEND_ID><EXTEND_TYPE/><ODATA_PATH/><APIID/><API_NAME/><OPERID/><OPER_NAME/><CUSTUI5_GUID/><AJAX_TYPE/></_-NEPTUNE_-_OBJ><_-NEPTUNE_-_OBJ><APPLID>ZUI_NAD_MDS_PLANT</APPLID><FIELD_ID>00013</FIELD_ID><VERSION>0001</VERSION><FIELD_NAME>oListDataItem</FIELD_NAME><FIELD_TYPE>UM5_OBJITM</FIELD_TYPE><FIELD_LABEL/><FIELD_POS>00010</FIELD_POS><FIELD_PARENT>00012</FIELD_PARENT><DISABLED/><IS_CONTAINER>X</IS_CONTAINER><ON_ENTER/><COMBO_TABLE/><COMBO_FIELD/><COMBO_LABEL/><COMBO_TECH/><EVENT_ID/><DESCR/><SH/><SH_KEY/><MEMORYID/><SEL_MULTIPLE/><CHART_FIELD_X/><CHART_FIELD_Y/><CHART_FIELD_DATA/><CHART_COUNT/><DEFAULT_VALUE/><DEFAULT_DATE>0000-00-00</DEFAULT_DATE><CALCULATE_DATE>0</CALCULATE_DATE><DATE_TODAY/><NAV_APPLID/><IS_VIEW/><FLAG1/><FLAG2/><CHART_FIELD_4/><CHART_FIELD_5/><FLAG3/><FLAG4/><FLAG5/><FLAG6/><FLAG7/><EXTEND_ID>00000</EXTEND_ID><EXTEND_TYPE/><ODATA_PATH/><APIID/><API_NAME/><OPERID/><OPER_NAME/><CUSTUI5_GUID/><AJAX_TYPE/></_-NEPTUNE_-_OBJ><_-NEPTUNE_-_OBJ><APPLID>ZUI_NAD_MDS_PLANT</APPLID><FIELD_ID>00018</FIELD_ID><VERSION>0001</VERSION><FIELD_NAME>oListDataID</FIELD_NAME><FIELD_TYPE>UM5_OBJATT</FIELD_TYPE><FIELD_LABEL/><FIELD_POS>00011</FIELD_POS><FIELD_PARENT>00013</FIELD_PARENT><DISABLED/><IS_CONTAINER/><ON_ENTER/><COMBO_TABLE/><COMBO_FIELD/><COMBO_LABEL/><COMBO_TECH/><EVENT_ID/><DESCR/><SH/><SH_KEY/><MEMORYID/><SEL_MULTIPLE/><CHART_FIELD_X/><CHART_FIELD_Y/><CHART_FIELD_DATA/><CHART_COUNT/><DEFAULT_VALUE/><DEFAULT_DATE>0000-00-00</DEFAULT_DATE><CALCULATE_DATE>0</CALCULATE_DATE><DATE_TODAY/><NAV_APPLID/><IS_VIEW/><FLAG1/><FLAG2/><CHART_FIELD_4/><CHART_FIELD_5/><FLAG3/><FLAG4/><FLAG5/><FLAG6/><FLAG7/><EXTEND_ID>00000</EXTEND_ID><EXTEND_TYPE/><ODATA_PATH/><APIID/><API_NAME/><OPERID/><OPER_NAME/><CUSTUI5_GUID/><AJAX_TYPE/></_-NEPTUNE_-_OBJ><_-NEPTUNE_-_OBJ><APPLID>ZUI_NAD_MDS_PLANT</APPLID><FIELD_ID>00008</FIELD_ID><VERSION>0001</VERSION><FIELD_NAME>Middle</FIELD_NAME><FIELD_TYPE>UM5_BARCON</FIELD_TYPE><FIELD_LABEL/><FIELD_POS>00012</FIELD_POS><FIELD_PARENT>00007</FIELD_PARENT><DISABLED/><IS_CONTAINER>X</IS_CONTAINER><ON_ENTER/><COMBO_TABLE/><COMBO_FIELD/><COMBO_LABEL/><COMBO_TECH/><EVENT_ID/><DESCR/><SH/><SH_KEY/><MEMORYID/><SEL_MULTIPLE/><CHART_FIELD_X/><CHART_FIELD_Y/><CHART_FIELD_DATA/><CHART_COUNT/><DEFAULT_VALUE/><DEFAULT_DATE>0000-00-00</DEFAULT_DATE><CALCULATE_DATE>0</CALCULATE_DATE><DATE_TODAY/><NAV_APPLID/><IS_VIEW/><FLAG1/><FLAG2/><CHART_FIELD_4/><CHART_FIELD_5/><FLAG3/><FLAG4/><FLAG5/><FLAG6/><FLAG7/><EXTEND_ID>00000</EXTEND_ID><EXTEND_TYPE/><ODATA_PATH/><APIID/><API_NAME/><OPERID/><OPER_NAME/><CUSTUI5_GUID/><AJAX_TYPE/></_-NEPTUNE_-_OBJ><_-NEPTUNE_-_OBJ><APPLID>ZUI_NAD_MDS_PLANT</APPLID><FIELD_ID>00009</FIELD_ID><VERSION>0001</VERSION><FIELD_NAME>inFilter</FIELD_NAME><FIELD_TYPE>UM5_SEARCH</FIELD_TYPE><FIELD_LABEL/><FIELD_POS>00013</FIELD_POS><FIELD_PARENT>00008</FIELD_PARENT><DISABLED/><IS_CONTAINER>X</IS_CONTAINER><ON_ENTER/><COMBO_TABLE/><COMBO_FIELD/><COMBO_LABEL/><COMBO_TECH/><EVENT_ID/><DESCR/><SH/><SH_KEY/><MEMORYID/><SEL_MULTIPLE/><CHART_FIELD_X/><CHART_FIELD_Y/><CHART_FIELD_DATA/><CHART_COUNT/><DEFAULT_VALUE/><DEFAULT_DATE>0000-00-00</DEFAULT_DATE><CALCULATE_DATE>0</CALCULATE_DATE><DATE_TODAY/><NAV_APPLID/><IS_VIEW/><FLAG1/><FLAG2/><CHART_FIELD_4/><CHART_FIELD_5/><FLAG3/><FLAG4/><FLAG5/><FLAG6/><FLAG7/><EXTEND_ID>00000</EXTEND_ID><EXTEND_TYPE/><ODATA_PATH/><APIID/><API_NAME/><OPERID/><OPER_NAME/><CUSTUI5_GUID/><AJAX_TYPE/></_-NEPTUNE_-_OBJ><_-NEPTUNE_-_OBJ><APPLID>ZUI_NAD_MDS_PLANT</APPLID><FIELD_ID>00005</FIELD_ID><VERSION>0001</VERSION><FIELD_NAME>oPageHidden</FIELD_NAME><FIELD_TYPE>UM5_PAGE</FIELD_TYPE><FIELD_LABEL/><FIELD_POS>00014</FIELD_POS><FIELD_PARENT>00003</FIELD_PARENT><DISABLED/><IS_CONTAINER>X</IS_CONTAINER><ON_ENTER/><COMBO_TABLE/><COMBO_FIELD/><COMBO_LABEL/><COMBO_TECH/><EVENT_ID/><DESCR/><SH/><SH_KEY/><MEMORYID/><SEL_MULTIPLE/><CHART_FIELD_X/><CHART_FIELD_Y/><CHART_FIELD_DATA/><CHART_COUNT/><DEFAULT_VALUE/><DEFAULT_DATE>0000-00-00</DEFAULT_DATE><CALCULATE_DATE>0</CALCULATE_DATE><DATE_TODAY/><NAV_APPLID/><IS_VIEW/><FLAG1/><FLAG2/><CHART_FIELD_4/><CHART_FIELD_5/><FLAG3/><FLAG4/><FLAG5/><FLAG6/><FLAG7/><EXTEND_ID>00000</EXTEND_ID><EXTEND_TYPE/><ODATA_PATH/><APIID/><API_NAME/><OPERID/><OPER_NAME/><CUSTUI5_GUID/><AJAX_TYPE/></_-NEPTUNE_-_OBJ><_-NEPTUNE_-_OBJ><APPLID>ZUI_NAD_MDS_PLANT</APPLID><FIELD_ID>00019</FIELD_ID><VERSION>0001</VERSION><FIELD_NAME>txtTranslateHeader</FIELD_NAME><FIELD_TYPE>UM5_TEXT</FIELD_TYPE><FIELD_LABEL/><FIELD_POS>00015</FIELD_POS><FIELD_PARENT>00005</FIELD_PARENT><DISABLED/><IS_CONTAINER/><ON_ENTER/><COMBO_TABLE/><COMBO_FIELD/><COMBO_LABEL/><COMBO_TECH/><EVENT_ID/><DESCR/><SH/><SH_KEY/><MEMORYID/><SEL_MULTIPLE/><CHART_FIELD_X/><CHART_FIELD_Y/><CHART_FIELD_DATA/><CHART_COUNT/><DEFAULT_VALUE/><DEFAULT_DATE>0000-00-00</DEFAULT_DATE><CALCULATE_DATE>0</CALCULATE_DATE><DATE_TODAY/><NAV_APPLID/><IS_VIEW/><FLAG1/><FLAG2/><CHART_FIELD_4/><CHART_FIELD_5/><FLAG3/><FLAG4/><FLAG5/><FLAG6/><FLAG7/><EXTEND_ID>00000</EXTEND_ID><EXTEND_TYPE/><ODATA_PATH/><APIID/><API_NAME/><OPERID/><OPER_NAME/><CUSTUI5_GUID/><AJAX_TYPE/></_-NEPTUNE_-_OBJ><_-NEPTUNE_-_OBJ><APPLID>ZUI_NAD_MDS_PLANT</APPLID><FIELD_ID>00020</FIELD_ID><VERSION>0001</VERSION><FIELD_NAME>Resources</FIELD_NAME><FIELD_TYPE>RESOURCES</FIELD_TYPE><FIELD_LABEL/><FIELD_POS>00016</FIELD_POS><FIELD_PARENT>00000</FIELD_PARENT><DISABLED/><IS_CONTAINER>X</IS_CONTAINER><ON_ENTER/><COMBO_TABLE/><COMBO_FIELD/><COMBO_LABEL/><COMBO_TECH/><EVENT_ID/><DESCR/><SH/><SH_KEY/><MEMORYID/><SEL_MULTIPLE/><CHART_FIELD_X/><CHART_FIELD_Y/><CHART_FIELD_DATA/><CHART_COUNT/><DEFAULT_VALUE/><DEFAULT_DATE>0000-00-00</DEFAULT_DATE><CALCULATE_DATE>0</CALCULATE_DATE><DATE_TODAY/><NAV_APPLID/><IS_VIEW>X</IS_VIEW><FLAG1/><FLAG2/><CHART_FIELD_4/><CHART_FIELD_5/><FLAG3/><FLAG4/><FLAG5/><FLAG6/><FLAG7/><EXTEND_ID>00000</EXTEND_ID><EXTEND_TYPE/><ODATA_PATH/><APIID/><API_NAME/><OPERID/><OPER_NAME/><CUSTUI5_GUID/><AJAX_TYPE/></_-NEPTUNE_-_OBJ><_-NEPTUNE_-_OBJ><APPLID>ZUI_NAD_MDS_PLANT</APPLID><FIELD_ID>00014</FIELD_ID><VERSION>0001</VERSION><FIELD_NAME>Sync</FIELD_NAME><FIELD_TYPE>UM5_AJAX</FIELD_TYPE><FIELD_LABEL/><FIELD_POS>00017</FIELD_POS><FIELD_PARENT>00020</FIELD_PARENT><DISABLED/><IS_CONTAINER/><ON_ENTER/><COMBO_TABLE/><COMBO_FIELD/><COMBO_LABEL/><COMBO_TECH/><EVENT_ID>SYNC</EVENT_ID><DESCR/><SH/><SH_KEY/><MEMORYID/><SEL_MULTIPLE/><CHART_FIELD_X/><CHART_FIELD_Y/><CHART_FIELD_DATA/><CHART_COUNT/><DEFAULT_VALUE/><DEFAULT_DATE>0000-00-00</DEFAULT_DATE><CALCULATE_DATE>0</CALCULATE_DATE><DATE_TODAY/><NAV_APPLID/><IS_VIEW/><FLAG1/><FLAG2/><CHART_FIELD_4/><CHART_FIELD_5/><FLAG3/><FLAG4/><FLAG5>X</FLAG5><FLAG6/><FLAG7/><EXTEND_ID>00000</EXTEND_ID><EXTEND_TYPE/><ODATA_PATH/><APIID/><API_NAME/><OPERID/><OPER_NAME/><CUSTUI5_GUID/><AJAX_TYPE/></_-NEPTUNE_-_OBJ><_-NEPTUNE_-_OBJ><APPLID>ZUI_NAD_MDS_PLANT</APPLID><FIELD_ID>00006</FIELD_ID><VERSION>0001</VERSION><FIELD_NAME>Init</FIELD_NAME><FIELD_TYPE>SCRIPT</FIELD_TYPE><FIELD_LABEL/><FIELD_POS>00018</FIELD_POS><FIELD_PARENT>00020</FIELD_PARENT><DISABLED/><IS_CONTAINER/><ON_ENTER/><COMBO_TABLE/><COMBO_FIELD/><COMBO_LABEL/><COMBO_TECH/><EVENT_ID/><DESCR/><SH/><SH_KEY/><MEMORYID/><SEL_MULTIPLE/><CHART_FIELD_X/><CHART_FIELD_Y/><CHART_FIELD_DATA/><CHART_COUNT/><DEFAULT_VALUE/><DEFAULT_DATE>0000-00-00</DEFAULT_DATE><CALCULATE_DATE>0</CALCULATE_DATE><DATE_TODAY/><NAV_APPLID/><IS_VIEW/><FLAG1/><FLAG2/><CHART_FIELD_4/><CHART_FIELD_5/><FLAG3/><FLAG4/><FLAG5>X</FLAG5><FLAG6/><FLAG7/><EXTEND_ID>00000</EXTEND_ID><EXTEND_TYPE/><ODATA_PATH/><APIID/><API_NAME/><OPERID/><OPER_NAME/><CUSTUI5_GUID/><AJAX_TYPE/></_-NEPTUNE_-_OBJ></IT_CONTENT><IT_ATTRIBUTES><_-NEPTUNE_-_OBJ_AT><APPLID>ZUI_NAD_MDS_PLANT</APPLID><FIELD_ID>00002</FIELD_ID><VERSION>0001</VERSION><ATTRIBUTE>appWidthLimited</ATTRIBUTE><GROUPING>Properties</GROUPING><VALUE>false</VALUE><BINDING_PATH/><BINDING_TYPE/><BINDING_REF/><BIND_BUILD_ORIGIN/></_-NEPTUNE_-_OBJ_AT><_-NEPTUNE_-_OBJ_AT><APPLID>ZUI_NAD_MDS_PLANT</APPLID><FIELD_ID>00004</FIELD_ID><VERSION>0001</VERSION><ATTRIBUTE>showHeader</ATTRIBUTE><GROUPING>Properties</GROUPING><VALUE>false</VALUE><BINDING_PATH/><BINDING_TYPE/><BINDING_REF/><BIND_BUILD_ORIGIN/></_-NEPTUNE_-_OBJ_AT><_-NEPTUNE_-_OBJ_AT><APPLID>ZUI_NAD_MDS_PLANT</APPLID><FIELD_ID>00007</FIELD_ID><VERSION>0001</VERSION><ATTRIBUTE>position</ATTRIBUTE><GROUPING>Parent</GROUPING><VALUE>setSubHeader</VALUE><BINDING_PATH/><BINDING_TYPE/><BINDING_REF/><BIND_BUILD_ORIGIN/></_-NEPTUNE_-_OBJ_AT><_-NEPTUNE_-_OBJ_AT><APPLID>ZUI_NAD_MDS_PLANT</APPLID><FIELD_ID>00008</FIELD_ID><VERSION>0001</VERSION><ATTRIBUTE>position</ATTRIBUTE><GROUPING>Parent</GROUPING><VALUE>ContentMiddle</VALUE><BINDING_PATH/><BINDING_TYPE/><BINDING_REF/><BIND_BUILD_ORIGIN/></_-NEPTUNE_-_OBJ_AT><_-NEPTUNE_-_OBJ_AT><APPLID>ZUI_NAD_MDS_PLANT</APPLID><FIELD_ID>00009</FIELD_ID><VERSION>0001</VERSION><ATTRIBUTE>liveChange</ATTRIBUTE><GROUPING>Events</GROUPING><VALUE>Anonymous Function</VALUE><BINDING_PATH/><BINDING_TYPE/><BINDING_REF/><BIND_BUILD_ORIGIN/></_-NEPTUNE_-_OBJ_AT><_-NEPTUNE_-_OBJ_AT><APPLID>ZUI_NAD_MDS_PLANT</APPLID><FIELD_ID>00012</FIELD_ID><VERSION>0001</VERSION><ATTRIBUTE>cacheInitLoadFinished</ATTRIBUTE><GROUPING>Events</GROUPING><VALUE>Anonymous Function</VALUE><BINDING_PATH/><BINDING_TYPE/><BINDING_REF/><BIND_BUILD_ORIGIN/></_-NEPTUNE_-_OBJ_AT><_-NEPTUNE_-_OBJ_AT><APPLID>ZUI_NAD_MDS_PLANT</APPLID><FIELD_ID>00012</FIELD_ID><VERSION>0001</VERSION><ATTRIBUTE>growing</ATTRIBUTE><GROUPING>Properties</GROUPING><VALUE>true</VALUE><BINDING_PATH/><BINDING_TYPE/><BINDING_REF/><BIND_BUILD_ORIGIN/></_-NEPTUNE_-_OBJ_AT><_-NEPTUNE_-_OBJ_AT><APPLID>ZUI_NAD_MDS_PLANT</APPLID><FIELD_ID>00012</FIELD_ID><VERSION>0001</VERSION><ATTRIBUTE>growingScrollToLoad</ATTRIBUTE><GROUPING>Properties</GROUPING><VALUE>true</VALUE><BINDING_PATH/><BINDING_TYPE/><BINDING_REF/><BIND_BUILD_ORIGIN/></_-NEPTUNE_-_OBJ_AT><_-NEPTUNE_-_OBJ_AT><APPLID>ZUI_NAD_MDS_PLANT</APPLID><FIELD_ID>00012</FIELD_ID><VERSION>0001</VERSION><ATTRIBUTE>growingThreshold</ATTRIBUTE><GROUPING>Properties</GROUPING><VALUE>50</VALUE><BINDING_PATH/><BINDING_TYPE/><BINDING_REF/><BIND_BUILD_ORIGIN/></_-NEPTUNE_-_OBJ_AT><_-NEPTUNE_-_OBJ_AT><APPLID>ZUI_NAD_MDS_PLANT</APPLID><FIELD_ID>00012</FIELD_ID><VERSION>0001</VERSION><ATTRIBUTE>setCacheType</ATTRIBUTE><GROUPING>Model</GROUPING><VALUE>WebSQL</VALUE><BINDING_PATH/><BINDING_TYPE/><BINDING_REF/><BIND_BUILD_ORIGIN/></_-NEPTUNE_-_OBJ_AT><_-NEPTUNE_-_OBJ_AT><APPLID>ZUI_NAD_MDS_PLANT</APPLID><FIELD_ID>00012</FIELD_ID><VERSION>0001</VERSION><ATTRIBUTE>setEnableCache</ATTRIBUTE><GROUPING>Model</GROUPING><VALUE>true</VALUE><BINDING_PATH/><BINDING_TYPE/><BINDING_REF/><BIND_BUILD_ORIGIN/></_-NEPTUNE_-_OBJ_AT><_-NEPTUNE_-_OBJ_AT><APPLID>ZUI_NAD_MDS_PLANT</APPLID><FIELD_ID>00012</FIELD_ID><VERSION>0001</VERSION><ATTRIBUTE>setInitLoad</ATTRIBUTE><GROUPING>Model</GROUPING><VALUE>cache</VALUE><BINDING_PATH/><BINDING_TYPE/><BINDING_REF/><BIND_BUILD_ORIGIN/></_-NEPTUNE_-_OBJ_AT><_-NEPTUNE_-_OBJ_AT><APPLID>ZUI_NAD_MDS_PLANT</APPLID><FIELD_ID>00013</FIELD_ID><VERSION>0001</VERSION><ATTRIBUTE>press</ATTRIBUTE><GROUPING>Events</GROUPING><VALUE>Anonymous Function</VALUE><BINDING_PATH/><BINDING_TYPE/><BINDING_REF/><BIND_BUILD_ORIGIN/></_-NEPTUNE_-_OBJ_AT><_-NEPTUNE_-_OBJ_AT><APPLID>ZUI_NAD_MDS_PLANT</APPLID><FIELD_ID>00013</FIELD_ID><VERSION>0001</VERSION><ATTRIBUTE>title</ATTRIBUTE><GROUPING>Properties</GROUPING><VALUE>{IT_PLANT-NAME1}</VALUE><BINDING_PATH/><BINDING_TYPE/><BINDING_REF/><BIND_BUILD_ORIGIN/></_-NEPTUNE_-_OBJ_AT><_-NEPTUNE_-_OBJ_AT><APPLID>ZUI_NAD_MDS_PLANT</APPLID><FIELD_ID>00013</FIELD_ID><VERSION>0001</VERSION><ATTRIBUTE>type</ATTRIBUTE><GROUPING>Properties</GROUPING><VALUE>Active</VALUE><BINDING_PATH/><BINDING_TYPE/><BINDING_REF/><BIND_BUILD_ORIGIN/></_-NEPTUNE_-_OBJ_AT><_-NEPTUNE_-_OBJ_AT><APPLID>ZUI_NAD_MDS_PLANT</APPLID><FIELD_ID>00014</FIELD_ID><VERSION>0001</VERSION><ATTRIBUTE>ajaxError</ATTRIBUTE><GROUPING>Events</GROUPING><VALUE>Anonymous Function</VALUE><BINDING_PATH/><BINDING_TYPE/><BINDING_REF/><BIND_BUILD_ORIGIN/></_-NEPTUNE_-_OBJ_AT><_-NEPTUNE_-_OBJ_AT><APPLID>ZUI_NAD_MDS_PLANT</APPLID><FIELD_ID>00014</FIELD_ID><VERSION>0001</VERSION><ATTRIBUTE>ajaxSuccess</ATTRIBUTE><GROUPING>Events</GROUPING><VALUE>Anonymous Function</VALUE><BINDING_PATH/><BINDING_TYPE/><BINDING_REF/><BIND_BUILD_ORIGIN/></_-NEPTUNE_-_OBJ_AT><_-NEPTUNE_-_OBJ_AT><APPLID>ZUI_NAD_MDS_PLANT</APPLID><FIELD_ID>00015</FIELD_ID><VERSION>0001</VERSION><ATTRIBUTE>position</ATTRIBUTE><GROUPING>Parent</GROUPING><VALUE>setFooter</VALUE><BINDING_PATH/><BINDING_TYPE/><BINDING_REF/><BIND_BUILD_ORIGIN/></_-NEPTUNE_-_OBJ_AT><_-NEPTUNE_-_OBJ_AT><APPLID>ZUI_NAD_MDS_PLANT</APPLID><FIELD_ID>00016</FIELD_ID><VERSION>0001</VERSION><ATTRIBUTE>position</ATTRIBUTE><GROUPING>Parent</GROUPING><VALUE>ContentRight</VALUE><BINDING_PATH/><BINDING_TYPE/><BINDING_REF/><BIND_BUILD_ORIGIN/></_-NEPTUNE_-_OBJ_AT><_-NEPTUNE_-_OBJ_AT><APPLID>ZUI_NAD_MDS_PLANT</APPLID><FIELD_ID>00017</FIELD_ID><VERSION>0001</VERSION><ATTRIBUTE>press</ATTRIBUTE><GROUPING>Events</GROUPING><VALUE>Anonymous Function</VALUE><BINDING_PATH/><BINDING_TYPE/><BINDING_REF/><BIND_BUILD_ORIGIN/></_-NEPTUNE_-_OBJ_AT><_-NEPTUNE_-_OBJ_AT><APPLID>ZUI_NAD_MDS_PLANT</APPLID><FIELD_ID>00017</FIELD_ID><VERSION>0001</VERSION><ATTRIBUTE>text</ATTRIBUTE><GROUPING>Properties</GROUPING><VALUE>Close</VALUE><BINDING_PATH/><BINDING_TYPE/><BINDING_REF/><BIND_BUILD_ORIGIN/></_-NEPTUNE_-_OBJ_AT><_-NEPTUNE_-_OBJ_AT><APPLID>ZUI_NAD_MDS_PLANT</APPLID><FIELD_ID>00018</FIELD_ID><VERSION>0001</VERSION><ATTRIBUTE>text</ATTRIBUTE><GROUPING>Properties</GROUPING><VALUE>{IT_PLANT-WERKS}</VALUE><BINDING_PATH/><BINDING_TYPE/><BINDING_REF/><BIND_BUILD_ORIGIN/></_-NEPTUNE_-_OBJ_AT><_-NEPTUNE_-_OBJ_AT><APPLID>ZUI_NAD_MDS_PLANT</APPLID><FIELD_ID>00019</FIELD_ID><VERSION>0001</VERSION><ATTRIBUTE>text</ATTRIBUTE><GROUPING>Properties</GROUPING><VALUE>Search Help</VALUE><BINDING_PATH/><BINDING_TYPE/><BINDING_REF/><BIND_BUILD_ORIGIN/></_-NEPTUNE_-_OBJ_AT></IT_ATTRIBUTES><IT_HTML/><IT_SCRIPT><_-NEPTUNE_-_SCRIPT><APPLID>ZUI_NAD_MDS_PLANT</APPLID><FIELD_ID>00006</FIELD_ID><VERSION>0001</VERSION><SEQNR>00001</SEQNR><TEXT>if (sap.n) {</TEXT></_-NEPTUNE_-_SCRIPT><_-NEPTUNE_-_SCRIPT><APPLID>ZUI_NAD_MDS_PLANT</APPLID><FIELD_ID>00006</FIELD_ID><VERSION>0001</VERSION><SEQNR>00002</SEQNR><TEXT>    sap.n.Shell.attachBeforeDisplay(function() {});</TEXT></_-NEPTUNE_-_SCRIPT><_-NEPTUNE_-_SCRIPT><APPLID>ZUI_NAD_MDS_PLANT</APPLID><FIELD_ID>00006</FIELD_ID><VERSION>0001</VERSION><SEQNR>00003</SEQNR><TEXT>}</TEXT></_-NEPTUNE_-_SCRIPT><_-NEPTUNE_-_SCRIPT><APPLID>ZUI_NAD_MDS_PLANT</APPLID><FIELD_ID>00006</FIELD_ID><VERSION>0001</VERSION><SEQNR>00004</SEQNR><TEXT/></_-NEPTUNE_-_SCRIPT><_-NEPTUNE_-_SCRIPT><APPLID>ZUI_NAD_MDS_PLANT</APPLID><FIELD_ID>00006</FIELD_ID><VERSION>0001</VERSION><SEQNR>00005</SEQNR><TEXT>// Init</TEXT></_-NEPTUNE_-_SCRIPT><_-NEPTUNE_-_SCRIPT><APPLID>ZUI_NAD_MDS_PLANT</APPLID><FIELD_ID>00006</FIELD_ID><VERSION>0001</VERSION><SEQNR>00006</SEQNR><TEXT>sap.ui.getCore().attachInit(function() {</TEXT></_-NEPTUNE_-_SCRIPT><_-NEPTUNE_-_SCRIPT><APPLID>ZUI_NAD_MDS_PLANT</APPLID><FIELD_ID>00006</FIELD_ID><VERSION>0001</VERSION><SEQNR>00007</SEQNR><TEXT/></_-NEPTUNE_-_SCRIPT><_-NEPTUNE_-_SCRIPT><APPLID>ZUI_NAD_MDS_PLANT</APPLID><FIELD_ID>00006</FIELD_ID><VERSION>0001</VERSION><SEQNR>00008</SEQNR><TEXT>    if (sap.n &amp;&amp; sap.n.Database) {</TEXT></_-NEPTUNE_-_SCRIPT><_-NEPTUNE_-_SCRIPT><APPLID>ZUI_NAD_MDS_PLANT</APPLID><FIELD_ID>00006</FIELD_ID><VERSION>0001</VERSION><SEQNR>00009</SEQNR><TEXT>        if (sap.n.Database.Subscribe) {</TEXT></_-NEPTUNE_-_SCRIPT><_-NEPTUNE_-_SCRIPT><APPLID>ZUI_NAD_MDS_PLANT</APPLID><FIELD_ID>00006</FIELD_ID><VERSION>0001</VERSION><SEQNR>00010</SEQNR><TEXT>            sap.n.Database.Subscribe(localAppID, "Plant", "Masterdata", function() {</TEXT></_-NEPTUNE_-_SCRIPT><_-NEPTUNE_-_SCRIPT><APPLID>ZUI_NAD_MDS_PLANT</APPLID><FIELD_ID>00006</FIELD_ID><VERSION>0001</VERSION><SEQNR>00011</SEQNR><TEXT>                getOnlineSync();</TEXT></_-NEPTUNE_-_SCRIPT><_-NEPTUNE_-_SCRIPT><APPLID>ZUI_NAD_MDS_PLANT</APPLID><FIELD_ID>00006</FIELD_ID><VERSION>0001</VERSION><SEQNR>00012</SEQNR><TEXT>            });</TEXT></_-NEPTUNE_-_SCRIPT><_-NEPTUNE_-_SCRIPT><APPLID>ZUI_NAD_MDS_PLANT</APPLID><FIELD_ID>00006</FIELD_ID><VERSION>0001</VERSION><SEQNR>00013</SEQNR><TEXT>        }</TEXT></_-NEPTUNE_-_SCRIPT><_-NEPTUNE_-_SCRIPT><APPLID>ZUI_NAD_MDS_PLANT</APPLID><FIELD_ID>00006</FIELD_ID><VERSION>0001</VERSION><SEQNR>00014</SEQNR><TEXT>    }</TEXT></_-NEPTUNE_-_SCRIPT><_-NEPTUNE_-_SCRIPT><APPLID>ZUI_NAD_MDS_PLANT</APPLID><FIELD_ID>00006</FIELD_ID><VERSION>0001</VERSION><SEQNR>00015</SEQNR><TEXT/></_-NEPTUNE_-_SCRIPT><_-NEPTUNE_-_SCRIPT><APPLID>ZUI_NAD_MDS_PLANT</APPLID><FIELD_ID>00006</FIELD_ID><VERSION>0001</VERSION><SEQNR>00016</SEQNR><TEXT>    setTimeout(function() {</TEXT></_-NEPTUNE_-_SCRIPT><_-NEPTUNE_-_SCRIPT><APPLID>ZUI_NAD_MDS_PLANT</APPLID><FIELD_ID>00006</FIELD_ID><VERSION>0001</VERSION><SEQNR>00017</SEQNR><TEXT>        inFilter.rerender();</TEXT></_-NEPTUNE_-_SCRIPT><_-NEPTUNE_-_SCRIPT><APPLID>ZUI_NAD_MDS_PLANT</APPLID><FIELD_ID>00006</FIELD_ID><VERSION>0001</VERSION><SEQNR>00018</SEQNR><TEXT>        setDialogHeader();</TEXT></_-NEPTUNE_-_SCRIPT><_-NEPTUNE_-_SCRIPT><APPLID>ZUI_NAD_MDS_PLANT</APPLID><FIELD_ID>00006</FIELD_ID><VERSION>0001</VERSION><SEQNR>00019</SEQNR><TEXT>    }, 200);</TEXT></_-NEPTUNE_-_SCRIPT><_-NEPTUNE_-_SCRIPT><APPLID>ZUI_NAD_MDS_PLANT</APPLID><FIELD_ID>00006</FIELD_ID><VERSION>0001</VERSION><SEQNR>00020</SEQNR><TEXT>});</TEXT></_-NEPTUNE_-_SCRIPT><_-NEPTUNE_-_SCRIPT><APPLID>ZUI_NAD_MDS_PLANT</APPLID><FIELD_ID>00006</FIELD_ID><VERSION>0001</VERSION><SEQNR>00021</SEQNR><TEXT/></_-NEPTUNE_-_SCRIPT><_-NEPTUNE_-_SCRIPT><APPLID>ZUI_NAD_MDS_PLANT</APPLID><FIELD_ID>00006</FIELD_ID><VERSION>0001</VERSION><SEQNR>00022</SEQNR><TEXT>function setDialogHeader() {</TEXT></_-NEPTUNE_-_SCRIPT><_-NEPTUNE_-_SCRIPT><APPLID>ZUI_NAD_MDS_PLANT</APPLID><FIELD_ID>00006</FIELD_ID><VERSION>0001</VERSION><SEQNR>00023</SEQNR><TEXT>    var parent = oShell.getParent();</TEXT></_-NEPTUNE_-_SCRIPT><_-NEPTUNE_-_SCRIPT><APPLID>ZUI_NAD_MDS_PLANT</APPLID><FIELD_ID>00006</FIELD_ID><VERSION>0001</VERSION><SEQNR>00024</SEQNR><TEXT>    if (parent) {</TEXT></_-NEPTUNE_-_SCRIPT><_-NEPTUNE_-_SCRIPT><APPLID>ZUI_NAD_MDS_PLANT</APPLID><FIELD_ID>00006</FIELD_ID><VERSION>0001</VERSION><SEQNR>00025</SEQNR><TEXT>        var dia = parent.getParent();</TEXT></_-NEPTUNE_-_SCRIPT><_-NEPTUNE_-_SCRIPT><APPLID>ZUI_NAD_MDS_PLANT</APPLID><FIELD_ID>00006</FIELD_ID><VERSION>0001</VERSION><SEQNR>00026</SEQNR><TEXT>        if (dia) {</TEXT></_-NEPTUNE_-_SCRIPT><_-NEPTUNE_-_SCRIPT><APPLID>ZUI_NAD_MDS_PLANT</APPLID><FIELD_ID>00006</FIELD_ID><VERSION>0001</VERSION><SEQNR>00027</SEQNR><TEXT>            if (dia.getTitle() === "") {</TEXT></_-NEPTUNE_-_SCRIPT><_-NEPTUNE_-_SCRIPT><APPLID>ZUI_NAD_MDS_PLANT</APPLID><FIELD_ID>00006</FIELD_ID><VERSION>0001</VERSION><SEQNR>00028</SEQNR><TEXT>                dia.setTitle(txtTranslateHeader.getText());</TEXT></_-NEPTUNE_-_SCRIPT><_-NEPTUNE_-_SCRIPT><APPLID>ZUI_NAD_MDS_PLANT</APPLID><FIELD_ID>00006</FIELD_ID><VERSION>0001</VERSION><SEQNR>00029</SEQNR><TEXT>            }</TEXT></_-NEPTUNE_-_SCRIPT><_-NEPTUNE_-_SCRIPT><APPLID>ZUI_NAD_MDS_PLANT</APPLID><FIELD_ID>00006</FIELD_ID><VERSION>0001</VERSION><SEQNR>00030</SEQNR><TEXT>        }</TEXT></_-NEPTUNE_-_SCRIPT><_-NEPTUNE_-_SCRIPT><APPLID>ZUI_NAD_MDS_PLANT</APPLID><FIELD_ID>00006</FIELD_ID><VERSION>0001</VERSION><SEQNR>00031</SEQNR><TEXT>    }</TEXT></_-NEPTUNE_-_SCRIPT><_-NEPTUNE_-_SCRIPT><APPLID>ZUI_NAD_MDS_PLANT</APPLID><FIELD_ID>00006</FIELD_ID><VERSION>0001</VERSION><SEQNR>00032</SEQNR><TEXT>}</TEXT></_-NEPTUNE_-_SCRIPT></IT_SCRIPT><IT_TABLE_FIELDS/><IT_ATTRIBUTES_CUSTOMER/><IT_FILTER/><IT_CSS_DESKTOP/><IT_CSS_MOBILE/><IT_CSS_TABLET/><IT_LANGUAGE/><IT_STYLE/><IT_STYLE_CUSTOMER/><IT_PLUGIN><_-NEPTUNE_-_PLUGIN><APPLID>ZUI_NAD_MDS_PLANT</APPLID><VERSION>0001</VERSION><PLUGIN_ID>sap_fiori_3</PLUGIN_ID><SORTING>99</SORTING><NAME/></_-NEPTUNE_-_PLUGIN></IT_PLUGIN><IT_MANIFEST/><IT_BINDING><_-NEPTUNE_-_BIND><APPLID>ZUI_NAD_MDS_PLANT</APPLID><FIELD_ID>00012</FIELD_ID><VERSION>0001</VERSION><BIND_OBJECT>DATA</BIND_OBJECT><BIND_TYPE>h</BIND_TYPE><BINDING>IT_PLANT</BINDING><CONVEXIT/><XSLT_ENABLE/><BINDING_ROOT_TYPE/><BINDING_ROOT_FIELD_ID>00000</BINDING_ROOT_FIELD_ID><BINDING_PATH/><BIND_BUILD_ORIGIN/></_-NEPTUNE_-_BIND></IT_BINDING><IT_EVENT_SCRIPT><_-NEPTUNE_-_EVTSCR><APPLID>ZUI_NAD_MDS_PLANT</APPLID><FIELD_ID>00009</FIELD_ID><VERSION>0001</VERSION><EVENT>liveChange</EVENT><SEQNR>00001</SEQNR><TEXT>var binding = oListData.getBinding("items");</TEXT></_-NEPTUNE_-_EVTSCR><_-NEPTUNE_-_EVTSCR><APPLID>ZUI_NAD_MDS_PLANT</APPLID><FIELD_ID>00009</FIELD_ID><VERSION>0001</VERSION><EVENT>liveChange</EVENT><SEQNR>00002</SEQNR><TEXT>var filter = new sap.ui.model.Filter("FILTER", "Contains", this.getValue());</TEXT></_-NEPTUNE_-_EVTSCR><_-NEPTUNE_-_EVTSCR><APPLID>ZUI_NAD_MDS_PLANT</APPLID><FIELD_ID>00009</FIELD_ID><VERSION>0001</VERSION><EVENT>liveChange</EVENT><SEQNR>00003</SEQNR><TEXT>binding.filter([filter]);</TEXT></_-NEPTUNE_-_EVTSCR><_-NEPTUNE_-_EVTSCR><APPLID>ZUI_NAD_MDS_PLANT</APPLID><FIELD_ID>00012</FIELD_ID><VERSION>0001</VERSION><EVENT>cacheInitLoadFinished</EVENT><SEQNR>00001</SEQNR><TEXT>if (!modeloListData.oData.length) {</TEXT></_-NEPTUNE_-_EVTSCR><_-NEPTUNE_-_EVTSCR><APPLID>ZUI_NAD_MDS_PLANT</APPLID><FIELD_ID>00012</FIELD_ID><VERSION>0001</VERSION><EVENT>cacheInitLoadFinished</EVENT><SEQNR>00002</SEQNR><TEXT>    getOnlineSync();</TEXT></_-NEPTUNE_-_EVTSCR><_-NEPTUNE_-_EVTSCR><APPLID>ZUI_NAD_MDS_PLANT</APPLID><FIELD_ID>00012</FIELD_ID><VERSION>0001</VERSION><EVENT>cacheInitLoadFinished</EVENT><SEQNR>00003</SEQNR><TEXT>}</TEXT></_-NEPTUNE_-_EVTSCR><_-NEPTUNE_-_EVTSCR><APPLID>ZUI_NAD_MDS_PLANT</APPLID><FIELD_ID>00013</FIELD_ID><VERSION>0001</VERSION><EVENT>press</EVENT><SEQNR>00001</SEQNR><TEXT>var context = oEvent.oSource.getBindingContext();</TEXT></_-NEPTUNE_-_EVTSCR><_-NEPTUNE_-_EVTSCR><APPLID>ZUI_NAD_MDS_PLANT</APPLID><FIELD_ID>00013</FIELD_ID><VERSION>0001</VERSION><EVENT>press</EVENT><SEQNR>00002</SEQNR><TEXT>var data = context.getObject();</TEXT></_-NEPTUNE_-_EVTSCR><_-NEPTUNE_-_EVTSCR><APPLID>ZUI_NAD_MDS_PLANT</APPLID><FIELD_ID>00013</FIELD_ID><VERSION>0001</VERSION><EVENT>press</EVENT><SEQNR>00003</SEQNR><TEXT/></_-NEPTUNE_-_EVTSCR><_-NEPTUNE_-_EVTSCR><APPLID>ZUI_NAD_MDS_PLANT</APPLID><FIELD_ID>00013</FIELD_ID><VERSION>0001</VERSION><EVENT>press</EVENT><SEQNR>00004</SEQNR><TEXT>if (sap.n) {</TEXT></_-NEPTUNE_-_EVTSCR><_-NEPTUNE_-_EVTSCR><APPLID>ZUI_NAD_MDS_PLANT</APPLID><FIELD_ID>00013</FIELD_ID><VERSION>0001</VERSION><EVENT>press</EVENT><SEQNR>00005</SEQNR><TEXT>    if (sap.n.MDS) {</TEXT></_-NEPTUNE_-_EVTSCR><_-NEPTUNE_-_EVTSCR><APPLID>ZUI_NAD_MDS_PLANT</APPLID><FIELD_ID>00013</FIELD_ID><VERSION>0001</VERSION><EVENT>press</EVENT><SEQNR>00006</SEQNR><TEXT>        if (sap.n.MDS.callBack) {</TEXT></_-NEPTUNE_-_EVTSCR><_-NEPTUNE_-_EVTSCR><APPLID>ZUI_NAD_MDS_PLANT</APPLID><FIELD_ID>00013</FIELD_ID><VERSION>0001</VERSION><EVENT>press</EVENT><SEQNR>00007</SEQNR><TEXT>            sap.n.MDS.callBack(data);</TEXT></_-NEPTUNE_-_EVTSCR><_-NEPTUNE_-_EVTSCR><APPLID>ZUI_NAD_MDS_PLANT</APPLID><FIELD_ID>00013</FIELD_ID><VERSION>0001</VERSION><EVENT>press</EVENT><SEQNR>00008</SEQNR><TEXT>        }</TEXT></_-NEPTUNE_-_EVTSCR><_-NEPTUNE_-_EVTSCR><APPLID>ZUI_NAD_MDS_PLANT</APPLID><FIELD_ID>00013</FIELD_ID><VERSION>0001</VERSION><EVENT>press</EVENT><SEQNR>00009</SEQNR><TEXT>    }</TEXT></_-NEPTUNE_-_EVTSCR><_-NEPTUNE_-_EVTSCR><APPLID>ZUI_NAD_MDS_PLANT</APPLID><FIELD_ID>00013</FIELD_ID><VERSION>0001</VERSION><EVENT>press</EVENT><SEQNR>00010</SEQNR><TEXT>}</TEXT></_-NEPTUNE_-_EVTSCR><_-NEPTUNE_-_EVTSCR><APPLID>ZUI_NAD_MDS_PLANT</APPLID><FIELD_ID>00013</FIELD_ID><VERSION>0001</VERSION><EVENT>press</EVENT><SEQNR>00011</SEQNR><TEXT/></_-NEPTUNE_-_EVTSCR><_-NEPTUNE_-_EVTSCR><APPLID>ZUI_NAD_MDS_PLANT</APPLID><FIELD_ID>00013</FIELD_ID><VERSION>0001</VERSION><EVENT>press</EVENT><SEQNR>00012</SEQNR><TEXT>// Close Dialog</TEXT></_-NEPTUNE_-_EVTSCR><_-NEPTUNE_-_EVTSCR><APPLID>ZUI_NAD_MDS_PLANT</APPLID><FIELD_ID>00013</FIELD_ID><VERSION>0001</VERSION><EVENT>press</EVENT><SEQNR>00013</SEQNR><TEXT>butClose.firePress();</TEXT></_-NEPTUNE_-_EVTSCR><_-NEPTUNE_-_EVTSCR><APPLID>ZUI_NAD_MDS_PLANT</APPLID><FIELD_ID>00014</FIELD_ID><VERSION>0001</VERSION><EVENT>ajaxError</EVENT><SEQNR>00001</SEQNR><TEXT>if (sap.n.Database.AjaxError) {</TEXT></_-NEPTUNE_-_EVTSCR><_-NEPTUNE_-_EVTSCR><APPLID>ZUI_NAD_MDS_PLANT</APPLID><FIELD_ID>00014</FIELD_ID><VERSION>0001</VERSION><EVENT>ajaxError</EVENT><SEQNR>00002</SEQNR><TEXT>    sap.n.Database.AjaxError(localAppID);</TEXT></_-NEPTUNE_-_EVTSCR><_-NEPTUNE_-_EVTSCR><APPLID>ZUI_NAD_MDS_PLANT</APPLID><FIELD_ID>00014</FIELD_ID><VERSION>0001</VERSION><EVENT>ajaxError</EVENT><SEQNR>00003</SEQNR><TEXT>}</TEXT></_-NEPTUNE_-_EVTSCR><_-NEPTUNE_-_EVTSCR><APPLID>ZUI_NAD_MDS_PLANT</APPLID><FIELD_ID>00014</FIELD_ID><VERSION>0001</VERSION><EVENT>ajaxSuccess</EVENT><SEQNR>00001</SEQNR><TEXT>if (sap.n &amp;&amp; sap.n.Database.AfterUpdate) {</TEXT></_-NEPTUNE_-_EVTSCR><_-NEPTUNE_-_EVTSCR><APPLID>ZUI_NAD_MDS_PLANT</APPLID><FIELD_ID>00014</FIELD_ID><VERSION>0001</VERSION><EVENT>ajaxSuccess</EVENT><SEQNR>00002</SEQNR><TEXT>    sap.n.Database.AfterUpdate(localAppID, modeloListData.oData.length, "Plants");</TEXT></_-NEPTUNE_-_EVTSCR><_-NEPTUNE_-_EVTSCR><APPLID>ZUI_NAD_MDS_PLANT</APPLID><FIELD_ID>00014</FIELD_ID><VERSION>0001</VERSION><EVENT>ajaxSuccess</EVENT><SEQNR>00003</SEQNR><TEXT>}</TEXT></_-NEPTUNE_-_EVTSCR><_-NEPTUNE_-_EVTSCR><APPLID>ZUI_NAD_MDS_PLANT</APPLID><FIELD_ID>00017</FIELD_ID><VERSION>0001</VERSION><EVENT>press</EVENT><SEQNR>00001</SEQNR><TEXT>// Close Dialog</TEXT></_-NEPTUNE_-_EVTSCR><_-NEPTUNE_-_EVTSCR><APPLID>ZUI_NAD_MDS_PLANT</APPLID><FIELD_ID>00017</FIELD_ID><VERSION>0001</VERSION><EVENT>press</EVENT><SEQNR>00002</SEQNR><TEXT>var parent = oShell.getParent();</TEXT></_-NEPTUNE_-_EVTSCR><_-NEPTUNE_-_EVTSCR><APPLID>ZUI_NAD_MDS_PLANT</APPLID><FIELD_ID>00017</FIELD_ID><VERSION>0001</VERSION><EVENT>press</EVENT><SEQNR>00003</SEQNR><TEXT>if (parent) {</TEXT></_-NEPTUNE_-_EVTSCR><_-NEPTUNE_-_EVTSCR><APPLID>ZUI_NAD_MDS_PLANT</APPLID><FIELD_ID>00017</FIELD_ID><VERSION>0001</VERSION><EVENT>press</EVENT><SEQNR>00004</SEQNR><TEXT>    var dia = parent.getParent();</TEXT></_-NEPTUNE_-_EVTSCR><_-NEPTUNE_-_EVTSCR><APPLID>ZUI_NAD_MDS_PLANT</APPLID><FIELD_ID>00017</FIELD_ID><VERSION>0001</VERSION><EVENT>press</EVENT><SEQNR>00005</SEQNR><TEXT>    if (dia) {</TEXT></_-NEPTUNE_-_EVTSCR><_-NEPTUNE_-_EVTSCR><APPLID>ZUI_NAD_MDS_PLANT</APPLID><FIELD_ID>00017</FIELD_ID><VERSION>0001</VERSION><EVENT>press</EVENT><SEQNR>00006</SEQNR><TEXT>        dia.close();</TEXT></_-NEPTUNE_-_EVTSCR><_-NEPTUNE_-_EVTSCR><APPLID>ZUI_NAD_MDS_PLANT</APPLID><FIELD_ID>00017</FIELD_ID><VERSION>0001</VERSION><EVENT>press</EVENT><SEQNR>00007</SEQNR><TEXT>    }</TEXT></_-NEPTUNE_-_EVTSCR><_-NEPTUNE_-_EVTSCR><APPLID>ZUI_NAD_MDS_PLANT</APPLID><FIELD_ID>00017</FIELD_ID><VERSION>0001</VERSION><EVENT>press</EVENT><SEQNR>00008</SEQNR><TEXT>}</TEXT></_-NEPTUNE_-_EVTSCR></IT_EVENT_SCRIPT><IT_MODEL><_-NEPTUNE_-_MODEL><APPLID>ZUI_NAD_MDS_PLANT</APPLID><FIELD_ID>00014</FIELD_ID><VERSION>0001</VERSION><MODEL_ID>00012</MODEL_ID><MODEL>oListData</MODEL><SEND/><RECEIVE>X</RECEIVE></_-NEPTUNE_-_MODEL><_-NEPTUNE_-_MODEL><APPLID>ZUI_NAD_MDS_PLANT</APPLID><FIELD_ID>00014</FIELD_ID><VERSION>0001</VERSION><MODEL_ID>00018</MODEL_ID><MODEL>oListData</MODEL><SEND/><RECEIVE>X</RECEIVE></_-NEPTUNE_-_MODEL></IT_MODEL><IT_RT_TEMPLATES/><WA_CONTENT><APPLID/><FIELD_ID>00000</FIELD_ID><VERSION>0000</VERSION><FIELD_NAME/><FIELD_TYPE/><FIELD_LABEL/><FIELD_POS>00000</FIELD_POS><FIELD_PARENT>00000</FIELD_PARENT><DISABLED/><IS_CONTAINER/><ON_ENTER/><COMBO_TABLE/><COMBO_FIELD/><COMBO_LABEL/><COMBO_TECH/><EVENT_ID/><DESCR/><SH/><SH_KEY/><MEMORYID/><SEL_MULTIPLE/><CHART_FIELD_X/><CHART_FIELD_Y/><CHART_FIELD_DATA/><CHART_COUNT/><DEFAULT_VALUE/><DEFAULT_DATE>0000-00-00</DEFAULT_DATE><CALCULATE_DATE>0</CALCULATE_DATE><DATE_TODAY/><NAV_APPLID/><IS_VIEW/><FLAG1/><FLAG2/><CHART_FIELD_4/><CHART_FIELD_5/><FLAG3/><FLAG4/><FLAG5/><FLAG6/><FLAG7/><EXTEND_ID>00000</EXTEND_ID><EXTEND_TYPE/><ODATA_PATH/><APIID/><API_NAME/><OPERID/><OPER_NAME/><CUSTUI5_GUID/><AJAX_TYPE/></WA_CONTENT><WA_ATTRIBUTES><APPLID/><FIELD_ID>00000</FIELD_ID><VERSION>0000</VERSION><ATTRIBUTE/><GROUPING/><VALUE/><BINDING_PATH/><BINDING_TYPE/><BINDING_REF/><BIND_BUILD_ORIGIN/></WA_ATTRIBUTES><WA_HTML><APPLID/><FIELD_ID>00000</FIELD_ID><VERSION>0000</VERSION><SEQNR>00000</SEQNR><TEXT/></WA_HTML><WA_SCRIPT><APPLID/><FIELD_ID>00000</FIELD_ID><VERSION>0000</VERSION><SEQNR>00000</SEQNR><TEXT/></WA_SCRIPT><WA_TABLE_FIELDS><APPLID/><FIELD_ID>00000</FIELD_ID><VERSION>0000</VERSION><TABNAME/><KEYFIELD/><DOMNAME/><OUTPUTLEN>000000</OUTPUTLEN><DECIMALS>000000</DECIMALS><DATATYPE/><CONVEXIT/><REPTEXT/><FIELD_POS>000</FIELD_POS><VISIBLE/><REPTEXT_C/><PRE/><POST/></WA_TABLE_FIELDS><WA_ATTRIBUTES_CUSTOMER><APPLID/><FIELD_ID>00000</FIELD_ID><VERSION>0000</VERSION><VALUE/></WA_ATTRIBUTES_CUSTOMER><WA_FILTER><APPLID/><FIELD_ID>00000</FIELD_ID><VERSION>0000</VERSION><SEQNR>00000</SEQNR><SIGN/><OPTI/><LOW/><HIGH/></WA_FILTER><WA_CSS_DESKTOP><APPLID/><VERSION>0000</VERSION><SEQNR>00000</SEQNR><TEXT/></WA_CSS_DESKTOP><WA_CSS_MOBILE><APPLID/><VERSION>0000</VERSION><SEQNR>00000</SEQNR><TEXT/></WA_CSS_MOBILE><WA_CSS_TABLET><APPLID/><VERSION>0000</VERSION><SEQNR>00000</SEQNR><TEXT/></WA_CSS_TABLET><WA_LANGUAGE><APPLID/><FIELD_ID>00000</FIELD_ID><VERSION>0000</VERSION><LANGUAGE/><ATTRIBUTE/><FIELD_LABEL/></WA_LANGUAGE><WA_STYLE><APPLID/><FIELD_ID>00000</FIELD_ID><VERSION>0000</VERSION><STYLE/><VALUE/></WA_STYLE><WA_STYLE_CUSTOMER><APPLID/><FIELD_ID>00000</FIELD_ID><VERSION>0000</VERSION><VALUE/></WA_STYLE_CUSTOMER><WA_PLUGIN><APPLID/><VERSION>0000</VERSION><PLUGIN_ID/><SORTING>0</SORTING><NAME/></WA_PLUGIN><WA_MANIFEST><APPLID/><VERSION>0000</VERSION><SEQNR>00000</SEQNR><TEXT/></WA_MANIFEST><WA_BINDING><APPLID/><FIELD_ID>00000</FIELD_ID><VERSION>0000</VERSION><BIND_OBJECT/><BIND_TYPE/><BINDING/><CONVEXIT/><XSLT_ENABLE/><BINDING_ROOT_TYPE/><BINDING_ROOT_FIELD_ID>00000</BINDING_ROOT_FIELD_ID><BINDING_PATH/><BIND_BUILD_ORIGIN/></WA_BINDING><WA_EVENT_SCRIPT><APPLID/><FIELD_ID>00000</FIELD_ID><VERSION>0000</VERSION><EVENT/><SEQNR>00000</SEQNR><TEXT/></WA_EVENT_SCRIPT><WA_MODEL><APPLID/><FIELD_ID>00000</FIELD_ID><VERSION>0000</VERSION><MODEL_ID>00000</MODEL_ID><MODEL/><SEND/><RECEIVE/></WA_MODEL><WA_RT_TEMPLATES><MANDT/><APPLID/><FIELD_ID>00000</FIELD_ID><GUID/><VERSION>0000</VERSION></WA_RT_TEMPLATES></PROJECT></asx:values></asx:abap>